iShares Core S&P 500 ETF,,,,,,,,,,,
Inception Date,15-May-00,,,,,,,,,,
Fund Holdings as of,28-Feb-18,,,,,,,,,,
Total Net Assets,"154,537,475,712.41",,,,,,,,,,
Shares Outstanding,"565,250,000.00",,,,,,,,,,
Stock,-,,,,,,,,,,
Bond,-,,,,,,,,,,
Cash,-,,,,,,,,,,
Other,-,,,,,,,,,,
 ,,,,,,,,,,,
Ticker,Name,Asset Class,Weight (%),Price,Shares,Market Value,Notional Value,Sector,SEDOL,ISIN,Exchange
AAPL,APPLE INC,Equity,3.93,178.12,"34,128,429.00","6,078,955,773.48","6,078,955,773.48",Information Technology,2046251,US0378331005,NASDAQ
MSFT,MICROSOFT CORP,Equity,3.11,93.77,"51,279,537.00","4,808,482,184.49","4,808,482,184.49",Information Technology,2588173,US5949181045,NASDAQ
AMZN,AMAZON COM INC,Equity,2.6,"1,512.45","2,658,635.00","4,021,052,505.75","4,021,052,505.75",Consumer Discretionary,2000019,US0231351067,NASDAQ
FB,FACEBOOK CLASS A INC,Equity,1.83,178.32,"15,851,657.00","2,826,667,476.24","2,826,667,476.24",Information Technology,B7TL820,US30303M1027,NASDAQ
JPM,JPMORGAN CHASE & CO,Equity,1.72,115.5,"23,063,215.00","2,663,801,332.50","2,663,801,332.50",Financials,2190385,US46625H1005,New York Stock Exchange Inc.
BRKB,BERKSHIRE HATHAWAY INC CLASS B,Equity,1.71,207.2,"12,791,701.00","2,650,440,447.20","2,650,440,447.20",Financials,2073390,US0846707026,New York Stock Exchange Inc.
JNJ,JOHNSON & JOHNSON,Equity,1.5,129.88,"17,857,093.00","2,319,279,238.84","2,319,279,238.84",Health Care,2475833,US4781601046,New York Stock Exchange Inc.
GOOG,ALPHABET INC CLASS C,Equity,1.43,"1,104.73","2,006,308.00","2,216,428,636.84","2,216,428,636.84",Information Technology,BYY88Y7,US02079K1079,NASDAQ
GOOGL,ALPHABET INC CLASS A,Equity,1.41,"1,103.92","1,981,098.00","2,186,973,704.16","2,186,973,704.16",Information Technology,BYVY8G0,US02079K3059,NASDAQ
XOM,EXXON MOBIL CORP,Equity,1.38,75.74,"28,165,461.00","2,133,252,016.14","2,133,252,016.14",Energy,2326618,US30231G1022,New York Stock Exchange Inc.
BAC,BANK OF AMERICA CORP,Equity,1.34,32.1,"64,479,818.00","2,069,802,157.80","2,069,802,157.80",Financials,2295677,US0605051046,New York Stock Exchange Inc.
WFC,WELLS FARGO,Equity,1.11,58.41,"29,458,550.00","1,720,673,905.50","1,720,673,905.50",Financials,2649100,US9497461015,New York Stock Exchange Inc.
INTC,INTEL CORPORATION CORP,Equity,0.99,49.29,"31,108,264.00","1,533,326,332.56","1,533,326,332.56",Information Technology,2463247,US4581401001,NASDAQ
V,VISA INC CLASS A,Equity,0.96,122.94,"12,054,324.00","1,481,958,592.56","1,481,958,592.56",Information Technology,B2PZN04,US92826C8394,New York Stock Exchange Inc.
T,AT&T INC,Equity,0.96,36.3,"40,812,801.00","1,481,504,676.30","1,481,504,676.30",Telecommunications,2831811,US00206R1023,New York Stock Exchange Inc.
CSCO,CISCO SYSTEMS INC,Equity,0.95,44.78,"32,860,810.00","1,471,507,071.80","1,471,507,071.80",Information Technology,2198163,US17275R1023,NASDAQ
UNH,UNITEDHEALTH GROUP INC,Equity,0.94,226.16,"6,441,400.00","1,456,787,024.00","1,456,787,024.00",Health Care,2917766,US91324P1021,New York Stock Exchange Inc.
PFE,PFIZER INC,Equity,0.93,36.31,"39,621,278.00","1,438,648,604.18","1,438,648,604.18",Health Care,2684703,US7170811035,New York Stock Exchange Inc.
HD,HOME DEPOT INC,Equity,0.91,182.27,"7,762,347.00","1,414,842,987.69","1,414,842,987.69",Consumer Discretionary,2434209,US4370761029,New York Stock Exchange Inc.
CVX,CHEVRON CORP,Equity,0.91,111.92,"12,625,119.00","1,413,003,318.48","1,413,003,318.48",Energy,2838555,US1667641005,New York Stock Exchange Inc.
BA,BOEING,Equity,0.87,362.21,"3,721,573.00","1,347,990,956.33","1,347,990,956.33",Industrials,2108601,US0970231058,New York Stock Exchange Inc.
PG,PROCTER & GAMBLE,Equity,0.86,78.52,"16,937,333.00","1,329,919,387.16","1,329,919,387.16",Consumer Staples,2704407,US7427181091,New York Stock Exchange Inc.
C,CITIGROUP INC,Equity,0.86,75.49,"17,574,568.00","1,326,704,138.32","1,326,704,138.32",Financials,2297907,US1729674242,New York Stock Exchange Inc.
VZ,VERIZON COMMUNICATIONS INC,Equity,0.84,47.74,"27,115,663.00","1,294,501,751.62","1,294,501,751.62",Telecommunications,2090571,US92343V1044,New York Stock Exchange Inc.
ABBV,ABBVIE INC,Equity,0.79,115.83,"10,596,097.00","1,227,345,915.51","1,227,345,915.51",Health Care,B92SR70,US00287Y1091,New York Stock Exchange Inc.
CMCSA,COMCAST A CORP,Equity,0.73,36.21,"31,004,345.00","1,122,667,332.45","1,122,667,332.45",Consumer Discretionary,2044545,US20030N1019,NASDAQ
KO,COCA-COLA,Equity,0.71,43.22,"25,488,398.00","1,101,608,561.56","1,101,608,561.56",Consumer Staples,2206657,US1912161007,New York Stock Exchange Inc.
DWDP,DOWDUPONT INC,Equity,0.71,70.3,"15,554,136.00","1,093,455,760.80","1,093,455,760.80",Materials,BYP66M4,US26078J1007,New York Stock Exchange Inc.
MA,MASTERCARD INC CLASS A,Equity,0.7,175.76,"6,173,535.00","1,085,060,511.60","1,085,060,511.60",Information Technology,B121557,US57636Q1040,New York Stock Exchange Inc.
PM,PHILIP MORRIS INTERNATIONAL INC,Equity,0.69,103.55,"10,323,901.00","1,069,039,948.55","1,069,039,948.55",Consumer Staples,B2PKRQ3,US7181721090,New York Stock Exchange Inc.
PEP,PEPSICO INC,Equity,0.67,109.73,"9,453,035.00","1,037,281,530.55","1,037,281,530.55",Consumer Staples,2681511,US7134481081,NASDAQ
DIS,WALT DISNEY,Equity,0.67,103.16,"10,039,283.00","1,035,652,434.28","1,035,652,434.28",Consumer Discretionary,2270726,US2546871060,New York Stock Exchange Inc.
ORCL,ORACLE CORP,Equity,0.66,50.67,"20,251,355.00","1,026,136,157.85","1,026,136,157.85",Information Technology,2661568,US68389X1054,New York Stock Exchange Inc.
MRK,MERCK & CO INC,Equity,0.64,54.22,"18,180,877.00","985,767,150.94","985,767,150.94",Health Care,2778844,US58933Y1055,New York Stock Exchange Inc.
NVDA,NVIDIA CORP,Equity,0.63,242,"4,028,323.00","974,854,166.00","974,854,166.00",Information Technology,2379504,US67066G1040,NASDAQ
MMM,3M,Equity,0.6,235.51,"3,966,435.00","934,135,106.85","934,135,106.85",Industrials,2595708,US88579Y1010,New York Stock Exchange Inc.
IBM,INTERNATIONAL BUSINESS MACHINES CO,Equity,0.58,155.83,"5,723,373.00","891,873,214.59","891,873,214.59",Information Technology,2005973,US4592001014,New York Stock Exchange Inc.
AMGN,AMGEN INC,Equity,0.57,183.77,"4,825,022.00","886,694,292.94","886,694,292.94",Health Care,2023607,US0311621009,NASDAQ
WMT,WALMART INC,Equity,0.57,90.01,"9,729,201.00","875,725,382.01","875,725,382.01",Consumer Staples,2936921,US9311421039,New York Stock Exchange Inc.
NFLX,NETFLIX INC,Equity,0.54,291.38,"2,876,358.00","838,113,194.04","838,113,194.04",Consumer Discretionary,2857817,US64110L1061,NASDAQ
MCD,MCDONALDS CORP,Equity,0.54,157.74,"5,298,916.00","835,851,009.84","835,851,009.84",Consumer Discretionary,2550707,US5801351017,New York Stock Exchange Inc.
GE,GENERAL ELECTRIC,Equity,0.53,14.11,"57,644,011.00","813,356,995.21","813,356,995.21",Industrials,2380498,US3696041033,New York Stock Exchange Inc.
MO,ALTRIA GROUP INC,Equity,0.52,62.95,"12,683,474.00","798,424,688.30","798,424,688.30",Consumer Staples,2692632,US02209S1033,New York Stock Exchange Inc.
HON,HONEYWELL INTERNATIONAL INC,Equity,0.49,151.11,"5,063,688.00","765,173,893.68","765,173,893.68",Industrials,2020459,US4385161066,New York Stock Exchange Inc.
BMY,BRISTOL MYERS SQUIBB,Equity,0.47,66.2,"10,879,300.00","720,209,660.00","720,209,660.00",Health Care,2126335,US1101221083,New York Stock Exchange Inc.
MDT,MEDTRONIC PLC,Equity,0.46,79.89,"8,997,645.00","718,821,859.05","718,821,859.05",Health Care,BTN1Y11,IE00BTN1Y115,New York Stock Exchange Inc.
TXN,TEXAS INSTRUMENT INC,Equity,0.46,108.35,"6,551,249.00","709,827,829.15","709,827,829.15",Information Technology,2885409,US8825081040,NASDAQ
ABT,ABBOTT LABORATORIES,Equity,0.45,60.33,"11,569,836.00","698,008,205.88","698,008,205.88",Health Care,2002305,US0028241000,New York Stock Exchange Inc.
ADBE,ADOBE SYSTEM INC,Equity,0.44,209.13,"3,276,247.00","685,161,535.11","685,161,535.11",Information Technology,2008154,US00724F1012,NASDAQ
GILD,GILEAD SCIENCES INC,Equity,0.44,78.73,"8,682,796.00","683,596,529.08","683,596,529.08",Health Care,2369174,US3755581036,NASDAQ
UNP,UNION PACIFIC CORP,Equity,0.44,130.25,"5,232,251.00","681,500,692.75","681,500,692.75",Industrials,2914734,US9078181081,New York Stock Exchange Inc.
AVGO,BROADCOM LTD,Equity,0.43,246.46,"2,702,836.00","666,140,960.56","666,140,960.56",Information Technology,BD9WQP4,SG9999014823,NASDAQ
UTX,UNITED TECHNOLOGIES CORP,Equity,0.43,134.74,"4,936,532.00","665,148,321.68","665,148,321.68",Industrials,2915500,US9130171096,New York Stock Exchange Inc.
ACN,ACCENTURE PLC CLASS A,Equity,0.43,161.01,"4,107,842.00","661,403,640.42","661,403,640.42",Information Technology,B4BNMY3,IE00B4BNMY34,New York Stock Exchange Inc.
BKNG,BOOKING HOLDINGS INC,Equity,0.43,"2,034.04","323,448.00","657,906,169.92","657,906,169.92",Consumer Discretionary,BDRXDB4,US09857L1089,NASDAQ
QCOM,QUALCOMM INC,Equity,0.41,65,"9,799,146.00","636,944,490.00","636,944,490.00",Information Technology,2714923,US7475251036,NASDAQ
GS,GOLDMAN SACHS GROUP INC,Equity,0.4,262.93,"2,331,779.00","613,094,652.47","613,094,652.47",Financials,2407966,US38141G1040,New York Stock Exchange Inc.
CAT,CATERPILLAR INC,Equity,0.4,154.63,"3,954,300.00","611,453,409.00","611,453,409.00",Industrials,2180201,US1491231015,New York Stock Exchange Inc.
SLB,SCHLUMBERGER NV,Equity,0.39,65.64,"9,207,645.00","604,389,817.80","604,389,817.80",Energy,2779201,AN8068571086,New York Stock Exchange Inc.
PYPL,PAYPAL HOLDINGS INC,Equity,0.39,79.41,"7,509,584.00","596,336,065.44","596,336,065.44",Information Technology,BYW36M8,US70450Y1038,NASDAQ
NKE,NIKE INC CLASS B,Equity,0.38,67.03,"8,733,514.00","585,407,443.42","585,407,443.42",Consumer Discretionary,2640147,US6541061031,New York Stock Exchange Inc.
LMT,LOCKHEED MARTIN CORP,Equity,0.38,352.44,"1,657,813.00","584,279,613.72","584,279,613.72",Industrials,2522096,US5398301094,New York Stock Exchange Inc.
USB,US BANCORP,Equity,0.37,54.36,"10,479,190.00","569,648,768.40","569,648,768.40",Financials,2736035,US9029733048,New York Stock Exchange Inc.
TMO,THERMO FISHER SCIENTIFIC INC,Equity,0.36,208.58,"2,665,022.00","555,870,288.76","555,870,288.76",Health Care,2886907,US8835561023,New York Stock Exchange Inc.
COST,COSTCO WHOLESALE CORP,Equity,0.36,190.9,"2,904,998.00","554,564,118.20","554,564,118.20",Consumer Staples,2701271,US22160K1051,NASDAQ
SBUX,STARBUCKS CORP,Equity,0.35,57.1,"9,457,149.00","540,003,207.90","540,003,207.90",Consumer Discretionary,2842255,US8552441094,NASDAQ
CRM,SALESFORCE.COM INC,Equity,0.34,116.25,"4,561,160.00","530,234,850.00","530,234,850.00",Information Technology,2310525,US79466L3024,New York Stock Exchange Inc.
MS,MORGAN STANLEY,Equity,0.33,56.02,"9,252,979.00","518,351,883.58","518,351,883.58",Financials,2262314,US6174464486,New York Stock Exchange Inc.
PNC,PNC FINANCIAL SERVICES GROUP INC,Equity,0.32,157.66,"3,161,578.00","498,454,387.48","498,454,387.48",Financials,2692665,US6934751057,New York Stock Exchange Inc.
LLY,ELI LILLY,Equity,0.32,77.02,"6,440,168.00","496,021,739.36","496,021,739.36",Health Care,2516152,US5324571083,New York Stock Exchange Inc.
LOW,LOWES COMPANIES INC,Equity,0.32,89.59,"5,535,790.00","495,951,426.10","495,951,426.10",Consumer Discretionary,2536763,US5486611073,New York Stock Exchange Inc.
TWX,TIME WARNER INC,Equity,0.31,92.96,"5,175,266.00","481,092,727.36","481,092,727.36",Consumer Discretionary,B63QTN2,US8873173038,New York Stock Exchange Inc.
BLKFDS,BLK CSH FND TREASURY SL AGENCY,Money Market,0.31,1,"480,352,313.00","480,352,313.05","480,352,313.05",Cash and/or Derivatives,-,US0669224778,-
UPS,UNITED PARCEL SERVICE INC CLASS B,Equity,0.31,104.41,"4,566,621.00","476,800,898.61","476,800,898.61",Industrials,2517382,US9113121068,New York Stock Exchange Inc.
NEE,NEXTERA ENERGY INC,Equity,0.31,152.15,"3,126,670.00","475,722,840.50","475,722,840.50",Utilities,2328915,US65339F1012,New York Stock Exchange Inc.
AXP,AMERICAN EXPRESS,Equity,0.3,97.51,"4,788,773.00","466,953,255.23","466,953,255.23",Financials,2026082,US0258161092,New York Stock Exchange Inc.
CVS,CVS HEALTH CORP,Equity,0.29,67.73,"6,733,525.00","456,061,648.25","456,061,648.25",Consumer Staples,2577609,US1266501006,New York Stock Exchange Inc.
CELG,CELGENE CORP,Equity,0.29,87.12,"5,233,177.00","455,914,380.24","455,914,380.24",Health Care,2182348,US1510201049,NASDAQ
BLK,BLACKROCK INC,Equity,0.29,549.43,"820,208.00","450,646,881.44","450,646,881.44",Financials,2494504,US09247X1019,New York Stock Exchange Inc.
CHTR,CHARTER COMMUNICATIONS INC CLASS A,Equity,0.28,341.93,"1,289,132.00","440,792,904.76","440,792,904.76",Consumer Discretionary,BZ6VT82,US16119P1084,NASDAQ
CB,CHUBB LTD,Equity,0.28,141.92,"3,086,027.00","437,968,951.84","437,968,951.84",Financials,B3BQMF6,CH0044328745,New York Stock Exchange Inc.
MDLZ,MONDELEZ INTERNATIONAL INC CLASS A,Equity,0.28,43.9,"9,933,009.00","436,059,095.10","436,059,095.10",Consumer Staples,B8CKK03,US6092071058,NASDAQ
COP,CONOCOPHILLIPS,Equity,0.28,54.31,"7,946,727.00","431,586,743.37","431,586,743.37",Energy,2685717,US20825C1045,New York Stock Exchange Inc.
SCHW,CHARLES SCHWAB CORP,Equity,0.27,53.02,"7,931,021.00","420,502,733.42","420,502,733.42",Financials,2779397,US8085131055,New York Stock Exchange Inc.
RTN,RAYTHEON,Equity,0.27,217.51,"1,917,896.00","417,161,558.96","417,161,558.96",Industrials,2758051,US7551115071,New York Stock Exchange Inc.
GD,GENERAL DYNAMICS CORP,Equity,0.27,222.45,"1,845,709.00","410,577,967.05","410,577,967.05",Industrials,2365161,US3695501086,New York Stock Exchange Inc.
AMAT,APPLIED MATERIAL INC,Equity,0.26,57.59,"7,088,859.00","408,247,389.81","408,247,389.81",Information Technology,2046552,US0382221051,NASDAQ
BIIB,BIOGEN INC INC,Equity,0.26,288.99,"1,405,250.00","406,103,197.50","406,103,197.50",Health Care,2455965,US09062X1037,NASDAQ
NOC,NORTHROP GRUMMAN CORP,Equity,0.26,350.04,"1,156,904.00","404,962,676.16","404,962,676.16",Industrials,2648806,US6668071029,New York Stock Exchange Inc.
FDX,FEDEX CORP,Equity,0.26,246.41,"1,639,859.00","404,077,656.19","404,077,656.19",Industrials,2142784,US31428X1063,New York Stock Exchange Inc.
CL,COLGATE-PALMOLIVE,Equity,0.26,68.97,"5,837,139.00","402,587,476.83","402,587,476.83",Consumer Staples,2209106,US1941621039,New York Stock Exchange Inc.
ANTM,ANTHEM INC,Equity,0.26,235.38,"1,706,957.00","401,783,538.66","401,783,538.66",Health Care,BSPHGL4,US0367521038,New York Stock Exchange Inc.
DHR,DANAHER CORP,Equity,0.26,97.78,"4,068,560.00","397,823,796.80","397,823,796.80",Health Care,2250870,US2358511028,New York Stock Exchange Inc.
WBA,WALGREEN BOOTS ALLIANCE INC,Equity,0.26,68.89,"5,771,251.00","397,581,481.39","397,581,481.39",Consumer Staples,BTN1Y44,US9314271084,NASDAQ
AMT,AMERICAN TOWER REIT CORP,Equity,0.26,139.33,"2,850,780.00","397,199,177.40","397,199,177.40",Real Estate,B7FBFL2,US03027X1000,New York Stock Exchange Inc.
BDX,BECTON DICKINSON,Equity,0.25,222.02,"1,762,909.00","391,401,056.18","391,401,056.18",Health Care,2087807,US0758871091,New York Stock Exchange Inc.
EOG,EOG RESOURCES INC,Equity,0.25,101.42,"3,843,066.00","389,763,753.72","389,763,753.72",Energy,2318024,US26875P1012,New York Stock Exchange Inc.
BK,BANK OF NEW YORK MELLON CORP,Equity,0.25,57.03,"6,806,533.00","388,176,576.99","388,176,576.99",Financials,B1Z77F6,US0640581007,New York Stock Exchange Inc.
AET,AETNA INC,Equity,0.25,177.06,"2,167,281.00","383,738,773.86","383,738,773.86",Health Care,2695921,US00817Y1082,New York Stock Exchange Inc.
CME,CME GROUP INC CLASS A,Equity,0.24,166.16,"2,262,053.00","375,862,726.48","375,862,726.48",Financials,2965839,US12572Q1058,NASDAQ
MU,MICRON TECHNOLOGY INC,Equity,0.24,48.81,"7,665,678.00","374,161,743.18","374,161,743.18",Information Technology,2588184,US5951121038,NASDAQ
ATVI,ACTIVISION BLIZZARD INC,Equity,0.24,73.13,"5,025,875.00","367,542,238.75","367,542,238.75",Information Technology,2575818,US00507V1098,NASDAQ
MON,MONSANTO,Equity,0.23,123.37,"2,920,263.00","360,272,846.31","360,272,846.31",Materials,2654320,US61166W1018,New York Stock Exchange Inc.
DUK,DUKE ENERGY CORP,Equity,0.23,75.34,"4,652,195.00","350,496,371.30","350,496,371.30",Utilities,B7VD3F2,US26441C2044,New York Stock Exchange Inc.
TJX,TJX INC,Equity,0.23,82.68,"4,227,952.00","349,567,071.36","349,567,071.36",Consumer Discretionary,2989301,US8725401090,New York Stock Exchange Inc.
SYK,STRYKER CORP,Equity,0.22,162.16,"2,139,320.00","346,912,131.20","346,912,131.20",Health Care,2853688,US8636671013,New York Stock Exchange Inc.
AIG,AMERICAN INTERNATIONAL GROUP INC,Equity,0.22,57.34,"5,975,603.00","342,641,076.02","342,641,076.02",Financials,2027342,US0268747849,New York Stock Exchange Inc.
DE,DEERE,Equity,0.22,160.87,"2,126,249.00","342,049,676.63","342,049,676.63",Industrials,2261203,US2441991054,New York Stock Exchange Inc.
AGN,ALLERGAN,Equity,0.22,154.22,"2,210,503.00","340,903,772.66","340,903,772.66",Health Care,BY9D546,IE00BY9D5467,New York Stock Exchange Inc.
ADP,AUTOMATIC DATA PROCESSING INC,Equity,0.22,115.32,"2,947,536.00","339,909,851.52","339,909,851.52",Information Technology,2065308,US0530151036,NASDAQ
GM,GENERAL MOTORS,Equity,0.22,39.35,"8,497,706.00","334,384,731.10","334,384,731.10",Consumer Discretionary,B665KZ5,US37045V1008,New York Stock Exchange Inc.
OXY,OCCIDENTAL PETROLEUM CORP,Equity,0.22,65.6,"5,086,429.00","333,669,742.40","333,669,742.40",Energy,2655408,US6745991058,New York Stock Exchange Inc.
ITW,ILLINOIS TOOL INC,Equity,0.21,161.44,"2,049,498.00","330,870,957.12","330,870,957.12",Industrials,2457552,US4523081093,New York Stock Exchange Inc.
SPGI,S&P GLOBAL INC,Equity,0.21,191.8,"1,695,140.00","325,127,852.00","325,127,852.00",Financials,BYV2325,US78409V1044,New York Stock Exchange Inc.
MET,METLIFE INC,Equity,0.21,46.19,"6,994,630.00","323,081,959.70","323,081,959.70",Financials,2573209,US59156R1086,New York Stock Exchange Inc.
CTSH,COGNIZANT TECHNOLOGY SOLUTIONS COR,Equity,0.21,82.02,"3,916,327.00","321,217,140.54","321,217,140.54",Information Technology,2257019,US1924461023,NASDAQ
CI,CIGNA CORP,Equity,0.21,195.89,"1,638,993.00","321,062,338.77","321,062,338.77",Health Care,2196479,US1255091092,New York Stock Exchange Inc.
CSX,CSX CORP,Equity,0.21,53.72,"5,938,854.00","319,035,236.88","319,035,236.88",Industrials,2160753,US1264081035,NASDAQ
ISRG,INTUITIVE SURGICAL INC,Equity,0.21,426.45,"744,296.00","317,405,029.20","317,405,029.20",Health Care,2871301,US46120E6023,NASDAQ
SPG,SIMON PROPERTY GROUP REIT INC,Equity,0.2,153.51,"2,066,573.00","317,239,621.23","317,239,621.23",Real Estate,2812452,US8288061091,New York Stock Exchange Inc.
D,DOMINION ENERGY INC,Equity,0.2,74.07,"4,277,644.00","316,845,091.08","316,845,091.08",Utilities,2542049,US25746U1097,New York Stock Exchange Inc.
COF,CAPITAL ONE FINANCIAL CORP,Equity,0.2,97.93,"3,221,536.00","315,485,020.48","315,485,020.48",Financials,2654461,US14040H1059,New York Stock Exchange Inc.
EMR,EMERSON ELECTRIC,Equity,0.2,71.06,"4,263,560.00","302,968,573.60","302,968,573.60",Industrials,2313405,US2910111044,New York Stock Exchange Inc.
PRU,PRUDENTIAL FINANCIAL INC,Equity,0.19,106.32,"2,813,760.00","299,158,963.20","299,158,963.20",Financials,2819118,US7443201022,New York Stock Exchange Inc.
CCI,CROWN CASTLE INTERNATIONAL REIT CO,Equity,0.19,110.06,"2,700,795.00","297,249,497.70","297,249,497.70",Real Estate,BTGQCX1,US22822V1017,New York Stock Exchange Inc.
SO,SOUTHERN,Equity,0.19,43.06,"6,670,949.00","287,251,063.94","287,251,063.94",Utilities,2829601,US8425871071,New York Stock Exchange Inc.
MAR,MARRIOTT INTERNATIONAL INC CLASS A,Equity,0.19,141.21,"2,033,246.00","287,114,667.66","287,114,667.66",Consumer Discretionary,2210614,US5719032022,NASDAQ
PX,PRAXAIR INC,Equity,0.18,149.75,"1,901,688.00","284,777,778.00","284,777,778.00",Materials,2699291,US74005P1049,New York Stock Exchange Inc.
BBT,BB AND T CORP,Equity,0.18,54.35,"5,237,000.00","284,630,950.00","284,630,950.00",Financials,2830904,US0549371070,New York Stock Exchange Inc.
ICE,INTERCONTINENTAL EXCHANGE INC,Equity,0.18,73.08,"3,888,184.00","284,148,486.72","284,148,486.72",Financials,BFSSDS9,US45866F1049,New York Stock Exchange Inc.
ESRX,EXPRESS SCRIPTS HOLDING,Equity,0.18,75.45,"3,760,248.00","283,710,711.60","283,710,711.60",Health Care,B7QQYV9,US30219G1085,NASDAQ
MMC,MARSH & MCLENNAN INC,Equity,0.18,83.02,"3,391,905.00","281,595,953.10","281,595,953.10",Financials,2567741,US5717481023,New York Stock Exchange Inc.
VRTX,VERTEX PHARMACEUTICALS INC,Equity,0.18,166.03,"1,678,218.00","278,634,534.54","278,634,534.54",Health Care,2931034,US92532F1003,NASDAQ
EBAY,EBAY INC,Equity,0.18,42.86,"6,446,033.00","276,276,974.38","276,276,974.38",Information Technology,2293819,US2786421030,NASDAQ
F,F MOTOR,Equity,0.18,10.61,"25,931,619.00","275,134,477.59","275,134,477.59",Consumer Discretionary,2615468,US3453708600,New York Stock Exchange Inc.
TGT,TARGET CORP,Equity,0.18,75.41,"3,608,873.00","272,145,112.93","272,145,112.93",Consumer Discretionary,2259101,US87612E1064,New York Stock Exchange Inc.
INTU,INTUIT INC,Equity,0.17,166.86,"1,611,944.00","268,968,975.84","268,968,975.84",Information Technology,2459020,US4612021034,NASDAQ
HAL,HALLIBURTON,Equity,0.17,46.42,"5,792,714.00","268,897,783.88","268,897,783.88",Energy,2405302,US4062161017,New York Stock Exchange Inc.
KHC,KRAFT HEINZ,Equity,0.17,67.05,"3,967,405.00","266,014,505.25","266,014,505.25",Consumer Staples,BYRY499,US5007541064,NASDAQ
NSC,NORFOLK SOUTHERN CORP,Equity,0.17,139.08,"1,905,722.00","265,047,815.76","265,047,815.76",Industrials,2641894,US6558441084,New York Stock Exchange Inc.
USD,USD CASH,Cash,0.17,100,"264,893,882.00","264,893,882.13","264,893,882.13",Cash and/or Derivatives,-,-,-
VLO,VALERO ENERGY CORP,Equity,0.17,90.42,"2,908,565.00","262,992,447.30","262,992,447.30",Energy,2041364,US91913Y1001,New York Stock Exchange Inc.
ZTS,ZOETIS INC CLASS A,Equity,0.17,80.86,"3,248,907.00","262,706,620.02","262,706,620.02",Health Care,B95WG16,US98978V1035,New York Stock Exchange Inc.
STT,STATE STREET CORP,Equity,0.17,106.15,"2,465,014.00","261,661,236.10","261,661,236.10",Financials,2842040,US8574771031,New York Stock Exchange Inc.
KMB,KIMBERLY CLARK CORP,Equity,0.17,110.92,"2,336,857.00","259,204,178.44","259,204,178.44",Consumer Staples,2491839,US4943681035,New York Stock Exchange Inc.
HPQ,HP INC,Equity,0.17,23.39,"11,080,580.00","259,174,766.20","259,174,766.20",Information Technology,BYX4D52,US40434L1052,New York Stock Exchange Inc.
HUM,HUMANA INC,Equity,0.17,271.82,"949,595.00","258,118,912.90","258,118,912.90",Health Care,2445063,US4448591028,New York Stock Exchange Inc.
FOXA,TWENTY FIRST CENTURY FOX INC CLASS,Equity,0.17,36.82,"6,994,867.00","257,551,002.94","257,551,002.94",Consumer Discretionary,BBM4S68,US90130A1016,NASDAQ
EA,ELECTRONIC ARTS INC,Equity,0.16,123.7,"2,046,106.00","253,103,312.20","253,103,312.20",Information Technology,2310194,US2855121099,NASDAQ
TRV,TRAVELERS COMPANIES INC,Equity,0.16,139,"1,819,435.00","252,901,465.00","252,901,465.00",Financials,2769503,US89417E1091,New York Stock Exchange Inc.
PSX,PHILLIPS,Equity,0.16,90.37,"2,790,980.00","252,220,862.60","252,220,862.60",Energy,B78C4Y8,US7185461040,New York Stock Exchange Inc.
BSX,BOSTON SCIENTIFIC CORP,Equity,0.16,27.26,"9,110,792.00","248,360,189.92","248,360,189.92",Health Care,2113434,US1011371077,New York Stock Exchange Inc.
STZ,CONSTELLATION BRANDS INC CLASS A,Equity,0.16,215.48,"1,143,554.00","246,413,015.92","246,413,015.92",Consumer Staples,2170473,US21036P1084,New York Stock Exchange Inc.
TEL,TE CONNECTIVITY LTD,Equity,0.16,103.09,"2,334,684.00","240,682,573.56","240,682,573.56",Information Technology,B62B7C3,CH0102993182,New York Stock Exchange Inc.
EXC,EXELON CORP,Equity,0.15,37.04,"6,381,891.00","236,385,242.64","236,385,242.64",Utilities,2670519,US30161N1019,New York Stock Exchange Inc.
ETN,EATON PLC,Equity,0.15,80.7,"2,928,783.00","236,352,788.10","236,352,788.10",Industrials,B8KQN82,IE00B8KQN827,New York Stock Exchange Inc.
DAL,DELTA AIR LINES INC,Equity,0.15,53.9,"4,352,001.00","234,572,853.90","234,572,853.90",Industrials,B1W9D46,US2473617023,New York Stock Exchange Inc.
AON,AON PLC CLASS A,Equity,0.15,140.32,"1,657,247.00","232,544,899.04","232,544,899.04",Financials,B5BT0K0,GB00B5BT0K07,New York Stock Exchange Inc.
APD,AIR PRODUCTS AND CHEMICALS INC,Equity,0.15,160.79,"1,446,117.00","232,521,152.43","232,521,152.43",Materials,2011602,US0091581068,New York Stock Exchange Inc.
AFL,AFLAC INC,Equity,0.15,88.88,"2,615,448.00","232,461,018.24","232,461,018.24",Financials,2026361,US0010551028,New York Stock Exchange Inc.
LYB,LYONDELLBASELL INDUSTRIES NV CLASS,Equity,0.15,108.22,"2,144,340.00","232,060,474.80","232,060,474.80",Materials,B3SPXZ3,NL0009434992,New York Stock Exchange Inc.
WM,WASTE MANAGEMENT INC,Equity,0.15,86.32,"2,655,528.00","229,225,176.96","229,225,176.96",Industrials,2937667,US94106L1098,New York Stock Exchange Inc.
JCI,JOHNSON CONTROLS INTERNATIONAL PLC,Equity,0.15,36.87,"6,167,263.00","227,386,986.81","227,386,986.81",Industrials,BY7QL61,IE00BY7QL619,New York Stock Exchange Inc.
BAX,BAXTER INTERNATIONAL INC,Equity,0.15,67.79,"3,335,545.00","226,116,595.55","226,116,595.55",Health Care,2085102,US0718131099,New York Stock Exchange Inc.
ECL,ECOLAB INC,Equity,0.15,130.45,"1,728,454.00","225,476,824.30","225,476,824.30",Materials,2304227,US2788651006,New York Stock Exchange Inc.
PGR,PROGRESSIVE CORP,Equity,0.14,57.58,"3,856,502.00","222,057,385.16","222,057,385.16",Financials,2705024,US7433151039,New York Stock Exchange Inc.
ILMN,ILLUMINA INC,Equity,0.14,228.02,"967,532.00","220,616,646.64","220,616,646.64",Health Care,2613990,US4523271090,NASDAQ
STI,SUNTRUST BANKS INC,Equity,0.14,69.84,"3,157,010.00","220,485,578.40","220,485,578.40",Financials,2860990,US8679141031,New York Stock Exchange Inc.
ADI,ANALOG DEVICES INC,Equity,0.14,90.15,"2,444,193.00","220,343,998.95","220,343,998.95",Information Technology,2032067,US0326541051,NASDAQ
ALL,ALLSTATE CORP,Equity,0.14,92.26,"2,385,340.00","220,071,468.40","220,071,468.40",Financials,2019952,US0200021014,New York Stock Exchange Inc.
SHW,SHERWIN WILLIAMS,Equity,0.14,401.58,"546,305.00","219,385,161.90","219,385,161.90",Materials,2804211,US8243481061,New York Stock Exchange Inc.
FIS,FIDELITY NATIONAL INFORMATION SERV,Equity,0.14,97.18,"2,213,750.00","215,132,225.00","215,132,225.00",Information Technology,2769796,US31620M1062,New York Stock Exchange Inc.
AEP,AMERICAN ELECTRIC POWER INC,Equity,0.14,65.58,"3,269,341.00","214,403,382.78","214,403,382.78",Utilities,2026242,US0255371017,New York Stock Exchange Inc.
PLD,PROLOGIS REIT INC,Equity,0.14,60.68,"3,530,073.00","214,204,829.64","214,204,829.64",Real Estate,B44WZD7,US74340W1036,New York Stock Exchange Inc.
LUV,SOUTHWEST AIRLINES,Equity,0.14,57.84,"3,628,843.00","209,892,279.12","209,892,279.12",Industrials,2831543,US8447411088,New York Stock Exchange Inc.
APC,ANADARKO PETROLEUM CORP,Equity,0.13,57.04,"3,653,524.00","208,397,008.96","208,397,008.96",Energy,2032380,US0325111070,New York Stock Exchange Inc.
MPC,MARATHON PETROLEUM CORP,Equity,0.13,64.06,"3,237,520.00","207,395,531.20","207,395,531.20",Energy,B3K3L40,US56585A1025,New York Stock Exchange Inc.
KMI,KINDER MORGAN INC,Equity,0.13,16.2,"12,739,611.00","206,381,698.20","206,381,698.20",Energy,B3NQ4P8,US49456B1017,New York Stock Exchange Inc.
MCK,MCKESSON CORP,Equity,0.13,149.23,"1,382,884.00","206,367,779.32","206,367,779.32",Health Care,2378534,US58155Q1031,New York Stock Exchange Inc.
LRCX,LAM RESEARCH CORP,Equity,0.13,191.86,"1,072,880.00","205,842,756.80","205,842,756.80",Information Technology,2502247,US5128071082,NASDAQ
EL,ESTEE LAUDER INC CLASS A,Equity,0.13,138.44,"1,483,139.00","205,325,763.16","205,325,763.16",Consumer Staples,2320524,US5184391044,New York Stock Exchange Inc.
EQIX,EQUINIX REIT INC,Equity,0.13,392.1,"519,208.00","203,581,456.80","203,581,456.80",Real Estate,BVLZX12,US29444U7000,NASDAQ
ROST,ROSS STORES INC,Equity,0.13,78.09,"2,562,528.00","200,107,811.52","200,107,811.52",Consumer Discretionary,2746711,US7782961038,NASDAQ
FISV,FISERV INC,Equity,0.13,143.39,"1,384,608.00","198,538,941.12","198,538,941.12",Information Technology,2342034,US3377381088,NASDAQ
HPE,HEWLETT PACKARD ENTERPRISE,Equity,0.13,18.59,"10,649,645.00","197,976,900.55","197,976,900.55",Information Technology,BYVYWS0,US42824C1099,New York Stock Exchange Inc.
DXC,DXC TECHNOLOGY,Equity,0.13,102.54,"1,889,084.00","193,706,673.36","193,706,673.36",Information Technology,BYXD7B3,US23355L1061,New York Stock Exchange Inc.
PSA,PUBLIC STORAGE REIT,Equity,0.12,194.44,"992,548.00","192,991,033.12","192,991,033.12",Real Estate,2852533,US74460D1090,New York Stock Exchange Inc.
PXD,PIONEER NATURAL RESOURCE,Equity,0.12,170.23,"1,131,059.00","192,540,173.57","192,540,173.57",Energy,2690830,US7237871071,New York Stock Exchange Inc.
GIS,GENERAL MILLS INC,Equity,0.12,50.55,"3,777,777.00","190,966,627.35","190,966,627.35",Consumer Staples,2367026,US3703341046,New York Stock Exchange Inc.
PPG,PPG INDUSTRIES INC,Equity,0.12,112.44,"1,696,889.00","190,798,199.16","190,798,199.16",Materials,2698470,US6935061076,New York Stock Exchange Inc.
MTB,M&T BANK CORP,Equity,0.12,189.84,"1,000,156.00","189,869,615.04","189,869,615.04",Financials,2340168,US55261F1049,New York Stock Exchange Inc.
DFS,DISCOVER FINANCIAL SERVICES,Equity,0.12,78.83,"2,405,275.00","189,607,828.25","189,607,828.25",Financials,B1YLC43,US2547091080,New York Stock Exchange Inc.
SYY,SYSCO CORP,Equity,0.12,59.65,"3,176,056.00","189,451,740.40","189,451,740.40",Consumer Staples,2868165,US8718291078,New York Stock Exchange Inc.
EW,EDWARDS LIFESCIENCES CORP,Equity,0.12,133.67,"1,404,350.00","187,719,464.50","187,719,464.50",Health Care,2567116,US28176E1082,New York Stock Exchange Inc.
HCA,HCA HEALTHCARE INC,Equity,0.12,99.25,"1,891,172.00","187,698,821.00","187,698,821.00",Health Care,B4MGBG6,US40412C1018,New York Stock Exchange Inc.
ROP,ROPER TECHNOLOGIES INC,Equity,0.12,275.09,"677,651.00","186,415,013.59","186,415,013.59",Industrials,2749602,US7766961061,New York Stock Exchange Inc.
MCO,MOODYS CORP,Equity,0.12,166.88,"1,110,226.00","185,274,514.88","185,274,514.88",Financials,2252058,US6153691059,New York Stock Exchange Inc.
APH,AMPHENOL CORP CLASS A,Equity,0.12,91.39,"2,022,573.00","184,842,946.47","184,842,946.47",Information Technology,2145084,US0320951017,New York Stock Exchange Inc.
YUM,YUM BRANDS INC,Equity,0.12,81.38,"2,231,265.00","181,580,345.70","181,580,345.70",Consumer Discretionary,2098876,US9884981013,New York Stock Exchange Inc.
CCL,CARNIVAL CORP,Equity,0.12,66.91,"2,713,463.00","181,557,809.33","181,557,809.33",Consumer Discretionary,2523044,PA1436583006,New York Stock Exchange Inc.
SRE,SEMPRA ENERGY,Equity,0.12,108.98,"1,663,549.00","181,293,570.02","181,293,570.02",Utilities,2138158,US8168511090,New York Stock Exchange Inc.
TROW,T ROWE PRICE GROUP INC,Equity,0.12,111.9,"1,618,285.00","181,086,091.50","181,086,091.50",Financials,2702337,US74144T1088,NASDAQ
SYF,SYNCHRONY FINANCIAL,Equity,0.11,36.39,"4,870,460.00","177,236,039.40","177,236,039.40",Financials,BP96PS6,US87165B1035,New York Stock Exchange Inc.
WY,WEYERHAEUSER REIT,Equity,0.11,35.03,"4,997,581.00","175,065,262.43","175,065,262.43",Real Estate,2958936,US9621661043,New York Stock Exchange Inc.
CMI,CUMMINS INC,Equity,0.11,168.17,"1,037,192.00","174,424,578.64","174,424,578.64",Industrials,2240202,US2310211063,New York Stock Exchange Inc.
ALXN,ALEXION PHARMACEUTICALS INC,Equity,0.11,117.45,"1,478,962.00","173,704,086.90","173,704,086.90",Health Care,2036070,US0153511094,NASDAQ
MNST,MONSTER BEVERAGE CORP,Equity,0.11,63.37,"2,735,403.00","173,342,488.11","173,342,488.11",Consumer Staples,BZ07BW4,US61174X1090,NASDAQ
RHT,RED HAT INC,Equity,0.11,147.4,"1,175,159.00","173,218,436.60","173,218,436.60",Information Technology,2447218,US7565771026,New York Stock Exchange Inc.
ADSK,AUTODESK INC,Equity,0.11,117.47,"1,458,159.00","171,289,937.73","171,289,937.73",Information Technology,2065159,US0527691069,NASDAQ
WDC,WESTERN DIGITAL CORP,Equity,0.11,87.04,"1,960,592.00","170,649,927.68","170,649,927.68",Information Technology,2954699,US9581021055,NASDAQ
PCAR,PACCAR INC,Equity,0.11,71.59,"2,347,812.00","168,079,861.08","168,079,861.08",Industrials,2665861,US6937181088,NASDAQ
GLW,CORNING INC,Equity,0.11,29.08,"5,753,840.00","167,321,667.20","167,321,667.20",Information Technology,2224701,US2193501051,New York Stock Exchange Inc.
FCX,FREEPORT MCMORAN INC,Equity,0.11,18.6,"8,951,002.00","166,488,637.20","166,488,637.20",Materials,2352118,US35671D8570,New York Stock Exchange Inc.
DG,DOLLAR GENERAL CORP,Equity,0.11,94.59,"1,732,815.00","163,906,970.85","163,906,970.85",Consumer Discretionary,B5B1S13,US2566771059,New York Stock Exchange Inc.
REGN,REGENERON PHARMACEUTICALS INC,Equity,0.11,320.44,"510,476.00","163,576,929.44","163,576,929.44",Health Care,2730190,US75886F1075,NASDAQ
SWK,STANLEY BLACK & DECKER INC,Equity,0.11,159.19,"1,023,820.00","162,981,905.80","162,981,905.80",Industrials,B3Q2FJ4,US8545021011,New York Stock Exchange Inc.
IP,INTERNATIONAL PAPER,Equity,0.11,59.59,"2,731,160.00","162,749,824.40","162,749,824.40",Materials,2465254,US4601461035,New York Stock Exchange Inc.
DLTR,DOLLAR TREE INC,Equity,0.11,102.64,"1,583,459.00","162,526,231.76","162,526,231.76",Consumer Discretionary,2272476,US2567461080,NASDAQ
PEG,PUBLIC SERVICE ENTERPRISE GROUP IN,Equity,0.1,48.43,"3,350,057.00","162,243,260.51","162,243,260.51",Utilities,2707677,US7445731067,New York Stock Exchange Inc.
VFC,VF CORP,Equity,0.1,74.57,"2,173,456.00","162,074,613.92","162,074,613.92",Consumer Discretionary,2928683,US9182041080,New York Stock Exchange Inc.
APTV,APTIV PLC,Equity,0.1,91.33,"1,761,375.00","160,866,378.75","160,866,378.75",Consumer Discretionary,B783TY6,JE00B783TY65,New York Stock Exchange Inc.
KR,KROGER,Equity,0.1,27.12,"5,911,019.00","160,306,835.28","160,306,835.28",Consumer Staples,2497406,US5010441013,New York Stock Exchange Inc.
PH,PARKER-HANNIFIN CORP,Equity,0.1,178.47,"886,662.00","158,242,567.14","158,242,567.14",Industrials,2671501,US7010941042,New York Stock Exchange Inc.
ZBH,ZIMMER BIOMET HOLDINGS INC,Equity,0.1,116.25,"1,351,848.00","157,152,330.00","157,152,330.00",Health Care,2783815,US98956P1021,New York Stock Exchange Inc.
FTV,FORTIVE CORP,Equity,0.1,76.8,"2,028,298.00","155,773,286.40","155,773,286.40",Industrials,BYT3MK1,US34959J1088,New York Stock Exchange Inc.
FITB,FIFTH THIRD BANCORP,Equity,0.1,33.05,"4,710,492.00","155,681,760.60","155,681,760.60",Financials,2336747,US3167731005,NASDAQ
ROK,ROCKWELL AUTOMATION INC,Equity,0.1,180.8,"858,279.00","155,176,843.20","155,176,843.20",Industrials,2754060,US7739031091,New York Stock Exchange Inc.
AMP,AMERIPRISE FINANCE INC,Equity,0.1,156.44,"987,612.00","154,502,021.28","154,502,021.28",Financials,B0J7D57,US03076C1062,New York Stock Exchange Inc.
ED,CONSOLIDATED EDISON INC,Equity,0.1,74.89,"2,060,875.00","154,338,928.75","154,338,928.75",Utilities,2216850,US2091151041,New York Stock Exchange Inc.
AAL,AMERICAN AIRLINES GROUP INC,Equity,0.1,54.25,"2,843,415.00","154,255,263.75","154,255,263.75",Industrials,BCV7KT2,US02376R1023,NASDAQ
ADM,ARCHER DANIELS MIDLAND,Equity,0.1,41.52,"3,704,358.00","153,804,944.16","153,804,944.16",Consumer Staples,2047317,US0394831020,New York Stock Exchange Inc.
OKE,ONEOK INC,Equity,0.1,56.33,"2,728,385.00","153,689,927.05","153,689,927.05",Energy,2130109,US6826801036,New York Stock Exchange Inc.
WMB,WILLIAMS INC,Equity,0.1,27.76,"5,522,106.00","153,293,662.56","153,293,662.56",Energy,2967181,US9694571004,New York Stock Exchange Inc.
KEY,KEYCORP,Equity,0.1,21.13,"7,184,050.00","151,798,976.50","151,798,976.50",Financials,2490911,US4932671088,New York Stock Exchange Inc.
NTRS,NORTHERN TRUST CORP TRUST,Equity,0.1,105.87,"1,428,369.00","151,221,426.03","151,221,426.03",Financials,2648668,US6658591044,NASDAQ
RF,REGIONS FINANCIAL CORP,Equity,0.1,19.41,"7,744,976.00","150,329,984.16","150,329,984.16",Financials,B01R311,US7591EP1005,New York Stock Exchange Inc.
CXO,CONCHO RESOURCES INC,Equity,0.1,150.8,"993,275.00","149,785,870.00","149,785,870.00",Energy,B1YWRK7,US20605P1012,New York Stock Exchange Inc.
COL,ROCKWELL COLLINS INC,Equity,0.1,137.72,"1,087,063.00","149,710,316.36","149,710,316.36",Industrials,2767228,US7743411016,New York Stock Exchange Inc.
TSN,TYSON FOODS INC CLASS A,Equity,0.1,74.38,"1,987,938.00","147,862,828.44","147,862,828.44",Consumer Staples,2909730,US9024941034,New York Stock Exchange Inc.
A,AGILENT TECHNOLOGIES INC,Equity,0.1,68.59,"2,150,368.00","147,493,741.12","147,493,741.12",Health Care,2520153,US00846U1016,New York Stock Exchange Inc.
IR,INGERSOLL RAND PLC,Equity,0.1,88.8,"1,660,901.00","147,488,008.80","147,488,008.80",Industrials,B633030,IE00B6330302,New York Stock Exchange Inc.
XEL,XCEL ENERGY INC,Equity,0.09,43.28,"3,360,640.00","145,448,499.20","145,448,499.20",Utilities,2614807,US98389B1008,NASDAQ
RCL,ROYAL CARIBBEAN CRUISES LTD,Equity,0.09,126.6,"1,144,402.00","144,881,293.20","144,881,293.20",Consumer Discretionary,2754907,LR0008862868,New York Stock Exchange Inc.
CAH,CARDINAL HEALTH INC,Equity,0.09,69.21,"2,087,539.00","144,478,574.19","144,478,574.19",Health Care,2175672,US14149Y1082,New York Stock Exchange Inc.
MYL,MYLAN NV,Equity,0.09,40.32,"3,566,690.00","143,808,940.80","143,808,940.80",Health Care,BVFMFG8,NL0011031208,NASDAQ
AVB,AVALONBAY COMMUNITIES REIT INC,Equity,0.09,156.02,"914,381.00","142,661,723.62","142,661,723.62",Real Estate,2131179,US0534841012,New York Stock Exchange Inc.
CFG,CITIZENS FINANCIAL GROUP INC,Equity,0.09,43.49,"3,269,758.00","142,201,775.42","142,201,775.42",Financials,BQRX1X3,US1746101054,New York Stock Exchange Inc.
DPS,DR PEPPER SNAPPLE GROUP INC,Equity,0.09,116.25,"1,207,155.00","140,331,768.75","140,331,768.75",Consumer Staples,B2QW0Z8,US26138E1091,New York Stock Exchange Inc.
PCG,PG&E CORP,Equity,0.09,41.09,"3,395,604.00","139,525,368.36","139,525,368.36",Utilities,2689560,US69331C1080,New York Stock Exchange Inc.
WLTW,WILLIS TOWERS WATSON PLC,Equity,0.09,157.9,"881,720.00","139,223,588.00","139,223,588.00",Financials,BDB6Q21,IE00BDB6Q211,NASDAQ
PAYX,PAYCHEX INC,Equity,0.09,65.13,"2,135,869.00","139,109,147.97","139,109,147.97",Information Technology,2674458,US7043261079,NASDAQ
ORLY,OREILLY AUTOMOTIVE INC,Equity,0.09,244.19,"567,575.00","138,596,139.25","138,596,139.25",Consumer Discretionary,B65LWX6,US67103H1077,NASDAQ
NUE,NUCOR CORP,Equity,0.09,65.4,"2,113,483.00","138,221,788.20","138,221,788.20",Materials,2651086,US6703461052,New York Stock Exchange Inc.
MCHP,MICROCHIP TECHNOLOGY INC,Equity,0.09,88.93,"1,548,437.00","137,702,502.41","137,702,502.41",Information Technology,2592174,US5950171042,NASDAQ
EQR,EQUITY RESIDENTIAL REIT,Equity,0.09,56.23,"2,445,790.00","137,526,771.70","137,526,771.70",Real Estate,2319157,US29476L1070,New York Stock Exchange Inc.
DLR,DIGITAL REALTY TRUST REIT INC TRUS,Equity,0.09,100.64,"1,360,434.00","136,914,077.76","136,914,077.76",Real Estate,B03GQS4,US2538681030,New York Stock Exchange Inc.
NEM,NEWMONT MINING CORP,Equity,0.09,38.2,"3,530,259.00","134,855,893.80","134,855,893.80",Materials,2636607,US6516391066,New York Stock Exchange Inc.
CERN,CERNER CORP,Equity,0.09,64.16,"2,094,934.00","134,410,965.44","134,410,965.44",Health Care,2185284,US1567821046,NASDAQ
SWKS,SKYWORKS SOLUTIONS INC,Equity,0.09,109.25,"1,219,118.00","133,188,641.50","133,188,641.50",Information Technology,2961053,US83088M1027,NASDAQ
EIX,EDISON INTERNATIONAL,Equity,0.08,60.59,"2,157,354.00","130,714,078.86","130,714,078.86",Utilities,2829515,US2810201077,New York Stock Exchange Inc.
PPL,PPL CORP,Equity,0.08,28.65,"4,523,372.00","129,594,607.80","129,594,607.80",Utilities,2680905,US69351T1060,New York Stock Exchange Inc.
WELL,WELLTOWER INC,Equity,0.08,52.5,"2,454,141.00","128,842,402.50","128,842,402.50",Real Estate,BYVYHH4,US95040Q1040,New York Stock Exchange Inc.
CBS,CBS CORP CLASS B,Equity,0.08,52.97,"2,421,892.00","128,287,619.24","128,287,619.24",Consumer Discretionary,B0SRLH6,US1248572026,New York Stock Exchange Inc.
HIG,HARTFORD FINANCIAL SERVICES GROUP,Equity,0.08,52.85,"2,381,620.00","125,868,617.00","125,868,617.00",Financials,2476193,US4165151048,New York Stock Exchange Inc.
ALGN,ALIGN TECHNOLOGY INC,Equity,0.08,262.52,"479,399.00","125,851,825.48","125,851,825.48",Health Care,2679204,US0162551016,NASDAQ
WEC,WEC ENERGY GROUP INC,Equity,0.08,59.92,"2,098,387.00","125,735,349.04","125,735,349.04",Utilities,BYY8XK8,US92939U1060,New York Stock Exchange Inc.
HRS,HARRIS CORP,Equity,0.08,156.15,"794,471.00","124,056,646.65","124,056,646.65",Industrials,2412001,US4138751056,New York Stock Exchange Inc.
SBAC,SBA COMMUNICATIONS REIT CORP CLASS,Equity,0.08,157.27,"784,652.00","123,402,220.04","123,402,220.04",Real Estate,BZ6TS23,US78410G1040,NASDAQ
BBY,BEST BUY INC,Equity,0.08,72.44,"1,697,977.00","123,001,453.88","123,001,453.88",Consumer Discretionary,2094670,US0865161014,New York Stock Exchange Inc.
BXP,BOSTON PROPERTIES REIT INC,Equity,0.08,118.87,"1,030,833.00","122,535,118.71","122,535,118.71",Real Estate,2019479,US1011211018,New York Stock Exchange Inc.
AZO,AUTOZONE INC,Equity,0.08,664.72,"183,459.00","121,948,866.48","121,948,866.48",Consumer Discretionary,2065955,US0533321024,New York Stock Exchange Inc.
GPN,GLOBAL PAYMENTS INC,Equity,0.08,113.39,"1,063,072.00","120,541,734.08","120,541,734.08",Information Technology,2712013,US37940X1028,New York Stock Exchange Inc.
DTE,DTE ENERGY,Equity,0.08,100.78,"1,192,639.00","120,194,158.42","120,194,158.42",Utilities,2280220,US2333311072,New York Stock Exchange Inc.
ES,EVERSOURCE ENERGY,Equity,0.08,57,"2,108,540.00","120,186,780.00","120,186,780.00",Utilities,BVVN4Q8,US30040W1080,New York Stock Exchange Inc.
XLNX,XILINX INC,Equity,0.08,71.25,"1,675,942.00","119,410,867.50","119,410,867.50",Information Technology,2985677,US9839191015,NASDAQ
KLAC,KLA TENCOR CORP,Equity,0.08,113.31,"1,041,837.00","118,050,550.47","118,050,550.47",Information Technology,2480138,US4824801009,NASDAQ
AME,AMETEK INC,Equity,0.08,75.74,"1,545,747.00","117,074,877.78","117,074,877.78",Industrials,2089212,US0311001004,New York Stock Exchange Inc.
OMC,OMNICOM GROUP INC,Equity,0.08,76.23,"1,535,458.00","117,047,963.34","117,047,963.34",Consumer Discretionary,2279303,US6819191064,New York Stock Exchange Inc.
LH,LABORATORY CORPORATION OF AMERICA,Equity,0.08,172.7,"674,596.00","116,502,729.20","116,502,729.20",Health Care,2586122,US50540R4092,New York Stock Exchange Inc.
MGM,MGM RESORTS INTERNATIONAL,Equity,0.07,34.23,"3,386,244.00","115,911,132.12","115,911,132.12",Consumer Discretionary,2547419,US5529531015,New York Stock Exchange Inc.
CNC,CENTENE CORP,Equity,0.07,101.42,"1,139,236.00","115,541,315.12","115,541,315.12",Health Care,2807061,US15135B1017,New York Stock Exchange Inc.
MSI,MOTOROLA SOLUTIONS INC,Equity,0.07,106.15,"1,082,808.00","114,940,069.20","114,940,069.20",Information Technology,B5BKPQ4,US6200763075,New York Stock Exchange Inc.
VTR,VENTAS REIT INC,Equity,0.07,48.32,"2,370,022.00","114,519,463.04","114,519,463.04",Real Estate,2927925,US92276F1003,New York Stock Exchange Inc.
UAL,UNITED CONTINENTAL HOLDINGS INC,Equity,0.07,67.79,"1,681,626.00","113,997,426.54","113,997,426.54",Industrials,B4QG225,US9100471096,New York Stock Exchange Inc.
CTL,CENTURYLINK INC,Equity,0.07,17.67,"6,445,394.00","113,890,111.98","113,890,111.98",Telecommunications,2185046,US1567001060,New York Stock Exchange Inc.
INFO,IHS MARKIT LTD,Equity,0.07,47.05,"2,415,598.00","113,653,885.90","113,653,885.90",Industrials,BD0Q558,BMG475671050,NASDAQ
HBAN,HUNTINGTON BANCSHARES INC,Equity,0.07,15.7,"7,215,715.00","113,286,725.50","113,286,725.50",Financials,2445966,US4461501045,NASDAQ
CMA,COMERICA INC,Equity,0.07,97.22,"1,164,768.00","113,238,744.96","113,238,744.96",Financials,2212870,US2003401070,New York Stock Exchange Inc.
WRK,WESTROCK,Equity,0.07,65.76,"1,700,233.00","111,807,322.08","111,807,322.08",Materials,BYR0914,US96145D1054,New York Stock Exchange Inc.
LNC,LINCOLN NATIONAL CORP,Equity,0.07,76.17,"1,463,756.00","111,494,294.52","111,494,294.52",Financials,2516378,US5341871094,New York Stock Exchange Inc.
CLX,CLOROX,Equity,0.07,129.08,"861,826.00","111,244,500.08","111,244,500.08",Consumer Staples,2204026,US1890541097,New York Stock Exchange Inc.
PFG,PRINCIPAL FINANCIAL GROUP INC,Equity,0.07,62.33,"1,778,790.00","110,871,980.70","110,871,980.70",Financials,2803014,US74251V1026,NASDAQ
K,KELLOGG,Equity,0.07,66.2,"1,653,047.00","109,431,711.40","109,431,711.40",Consumer Staples,2486813,US4878361082,New York Stock Exchange Inc.
IDXX,IDEXX LABORATORIES INC,Equity,0.07,187.23,"582,476.00","109,056,981.48","109,056,981.48",Health Care,2459202,US45168D1046,NASDAQ
SYMC,SYMANTEC CORP,Equity,0.07,26.29,"4,141,314.00","108,875,145.06","108,875,145.06",Information Technology,2861078,US8715031089,NASDAQ
NTAP,NETAPP INC,Equity,0.07,60.55,"1,794,894.00","108,680,831.70","108,680,831.70",Information Technology,2630643,US64110D1046,NASDAQ
WAT,WATER CORP CORP,Equity,0.07,204.64,"528,904.00","108,234,914.56","108,234,914.56",Health Care,2937689,US9418481035,New York Stock Exchange Inc.
HLT,HILTON WORLDWIDE HOLDINGS INC,Equity,0.07,80.79,"1,339,124.00","108,187,827.96","108,187,827.96",Consumer Discretionary,BYVMW06,US43300A2033,New York Stock Exchange Inc.
LLL,L3 TECHNOLOGIES INC,Equity,0.07,207.55,"518,106.00","107,532,900.30","107,532,900.30",Industrials,BYZGYC0,US5024131071,New York Stock Exchange Inc.
DVN,DEVON ENERGY CORP,Equity,0.07,30.67,"3,477,052.00","106,641,184.84","106,641,184.84",Energy,2480677,US25179M1036,New York Stock Exchange Inc.
FOX,TWENTY-FIRST CENTURY FOX INC CLASS,Equity,0.07,36.42,"2,921,844.00","106,413,558.48","106,413,558.48",Consumer Discretionary,BBM4S80,US90130A2006,NASDAQ
VRSK,VERISK ANALYTICS INC,Equity,0.07,102.19,"1,034,854.00","105,751,730.26","105,751,730.26",Industrials,B4P9W92,US92345Y1064,NASDAQ
FAST,FASTENAL,Equity,0.07,54.72,"1,923,763.00","105,268,311.36","105,268,311.36",Industrials,2332262,US3119001044,NASDAQ
MTD,METTLER TOLEDO INC,Equity,0.07,616.22,"170,764.00","105,228,192.08","105,228,192.08",Health Care,2126249,US5926881054,New York Stock Exchange Inc.
TXT,TEXTRON INC,Equity,0.07,59.85,"1,745,708.00","104,480,623.80","104,480,623.80",Industrials,2885937,US8832031012,New York Stock Exchange Inc.
DOV,DOVER CORP,Equity,0.07,100.1,"1,038,497.00","103,953,549.70","103,953,549.70",Industrials,2278407,US2600031080,New York Stock Exchange Inc.
VMC,VULCAN MATERIALS,Equity,0.07,117.73,"873,725.00","102,863,644.25","102,863,644.25",Materials,2931205,US9291601097,New York Stock Exchange Inc.
ABC,AMERISOURCEBERGEN CORP,Equity,0.07,95.16,"1,078,280.00","102,609,124.80","102,609,124.80",Health Care,2795393,US03073E1055,New York Stock Exchange Inc.
STX,SEAGATE TECHNOLOGY PLC,Equity,0.07,53.4,"1,914,593.00","102,239,266.20","102,239,266.20",Information Technology,B58JVZ5,IE00B58JVZ52,NASDAQ
LEN,LENNAR A CORP,Equity,0.07,56.58,"1,804,837.00","102,117,677.46","102,117,677.46",Consumer Discretionary,2511920,US5260571048,New York Stock Exchange Inc.
RSG,REPUBLIC SERVICES INC,Equity,0.07,67.18,"1,513,816.00","101,698,158.88","101,698,158.88",Industrials,2262530,US7607591002,New York Stock Exchange Inc.
MHK,MOHAWK INDUSTRIES INC,Equity,0.07,239.88,"420,991.00","100,987,321.08","100,987,321.08",Consumer Discretionary,2598699,US6081901042,New York Stock Exchange Inc.
INCY,INCYTE CORP,Equity,0.06,85.16,"1,169,652.00","99,607,564.32","99,607,564.32",Health Care,2471950,US45337C1027,NASDAQ
URI,UNITED RENTALS INC,Equity,0.06,175.09,"565,986.00","99,098,488.74","99,098,488.74",Industrials,2134781,US9113631090,New York Stock Exchange Inc.
CTAS,CINTAS CORP,Equity,0.06,170.66,"575,173.00","98,159,024.18","98,159,024.18",Industrials,2197137,US1729081059,NASDAQ
CAG,CONAGRA BRANDS INC,Equity,0.06,36.13,"2,715,023.00","98,093,780.99","98,093,780.99",Consumer Staples,2215460,US2058871029,New York Stock Exchange Inc.
ESS,ESSEX PROPERTY TRUST REIT INC TRUS,Equity,0.06,223.83,"437,509.00","97,927,639.47","97,927,639.47",Real Estate,2316619,US2971781057,New York Stock Exchange Inc.
TSS,TOTAL SYSTEM SERVICES INC,Equity,0.06,87.95,"1,109,886.00","97,614,473.70","97,614,473.70",Information Technology,2897697,US8919061098,New York Stock Exchange Inc.
NBL,NOBLE ENERGY INC,Equity,0.06,29.83,"3,236,433.00","96,542,796.39","96,542,796.39",Energy,2640761,US6550441058,New York Stock Exchange Inc.
EMN,EASTMAN CHEMICAL,Equity,0.06,101.08,"954,284.00","96,459,026.72","96,459,026.72",Materials,2298386,US2774321002,New York Stock Exchange Inc.
TPR,TAPESTRY INC,Equity,0.06,50.91,"1,894,214.00","96,434,434.74","96,434,434.74",Consumer Discretionary,BF09HX3,US8760301072,New York Stock Exchange Inc.
FE,FIRSTENERGY CORP,Equity,0.06,32.33,"2,980,375.00","96,355,523.75","96,355,523.75",Utilities,2100920,US3379321074,New York Stock Exchange Inc.
IQV,IQVIA HOLDINGS INC,Equity,0.06,98.33,"972,103.00","95,586,887.99","95,586,887.99",Health Care,BDR73G1,US46266C1053,New York Stock Exchange Inc.
SJM,JM SMUCKER,Equity,0.06,126.3,"755,935.00","95,474,590.50","95,474,590.50",Consumer Staples,2951452,US8326964058,New York Stock Exchange Inc.
DHI,D R HORTON INC,Equity,0.06,41.9,"2,264,630.00","94,887,997.00","94,887,997.00",Consumer Discretionary,2250687,US23331A1097,New York Stock Exchange Inc.
AWK,AMERICAN WATER WORKS INC,Equity,0.06,79.36,"1,187,700.00","94,255,872.00","94,255,872.00",Utilities,B2R3PV1,US0304201033,New York Stock Exchange Inc.
ETFC,E TRADE FINANCIAL CORP,Equity,0.06,52.23,"1,799,026.00","93,963,127.98","93,963,127.98",Financials,2299011,US2692464017,NASDAQ
CBG,CBRE GROUP INC CLASS A,Equity,0.06,46.75,"2,003,434.00","93,660,539.50","93,660,539.50",Real Estate,B6WVMH3,US12504L1098,New York Stock Exchange Inc.
TAP,MOLSON COORS BREWING CLASS B,Equity,0.06,76.25,"1,222,723.00","93,232,628.75","93,232,628.75",Consumer Staples,B067BM3,US60871R2094,New York Stock Exchange Inc.
BLL,BALL CORP,Equity,0.06,39.95,"2,324,869.00","92,878,516.55","92,878,516.55",Materials,2073022,US0584981064,New York Stock Exchange Inc.
DGX,QUEST DIAGNOSTICS INC,Equity,0.06,103.05,"899,388.00","92,681,933.40","92,681,933.40",Health Care,2702791,US74834L1008,New York Stock Exchange Inc.
O,REALTY INCOME REIT CORP,Equity,0.06,49.18,"1,881,836.00","92,548,694.48","92,548,694.48",Real Estate,2724193,US7561091049,New York Stock Exchange Inc.
HSY,HERSHEY FOODS,Equity,0.06,98.26,"935,790.00","91,950,725.40","91,950,725.40",Consumer Staples,2422806,US4278661081,New York Stock Exchange Inc.
TDG,TRANSDIGM GROUP INC,Equity,0.06,288.31,"318,524.00","91,833,654.44","91,833,654.44",Industrials,B11FJK3,US8936411003,New York Stock Exchange Inc.
HST,HOST HOTELS & RESORTS REIT INC,Equity,0.06,18.56,"4,939,260.00","91,672,665.60","91,672,665.60",Real Estate,2567503,US44107P1049,New York Stock Exchange Inc.
L,LOEWS CORP,Equity,0.06,49.33,"1,848,094.00","91,166,477.02","91,166,477.02",Financials,2523022,US5404241086,New York Stock Exchange Inc.
BFB,BROWN FORMAN CORP CLASS B,Equity,0.06,69.79,"1,302,401.00","90,894,565.79","90,894,565.79",Consumer Staples,2146838,US1156372096,New York Stock Exchange Inc.
ETR,ENTERGY CORP,Equity,0.06,75.82,"1,197,116.00","90,765,335.12","90,765,335.12",Utilities,2317087,US29364G1031,New York Stock Exchange Inc.
ANSS,ANSYS INC,Equity,0.06,159.94,"566,519.00","90,609,048.86","90,609,048.86",Information Technology,2045623,US03662Q1058,NASDAQ
GWW,WW GRAINGER INC,Equity,0.06,261.55,"346,367.00","90,592,288.85","90,592,288.85",Industrials,2380863,US3848021040,New York Stock Exchange Inc.
EFX,EQUIFAX INC,Equity,0.06,113,"795,605.00","89,903,365.00","89,903,365.00",Industrials,2319146,US2944291051,New York Stock Exchange Inc.
GPC,GENUINE PARTS,Equity,0.06,91.84,"975,442.00","89,584,593.28","89,584,593.28",Consumer Discretionary,2367480,US3724601055,New York Stock Exchange Inc.
RMD,RESMED INC,Equity,0.06,95.27,"938,152.00","89,377,741.04","89,377,741.04",Health Care,2732903,US7611521078,New York Stock Exchange Inc.
WYNN,WYNN RESORTS LTD,Equity,0.06,167.5,"532,905.00","89,261,587.50","89,261,587.50",Consumer Discretionary,2963811,US9831341071,NASDAQ
XYL,XYLEM INC,Equity,0.06,74.58,"1,183,979.00","88,301,153.82","88,301,153.82",Industrials,B3P2CN8,US98419M1009,New York Stock Exchange Inc.
NOV,NATIONAL OILWELL VARCO INC,Equity,0.06,35.09,"2,515,685.00","88,275,386.65","88,275,386.65",Energy,2624486,US6370711011,New York Stock Exchange Inc.
GGP,GGP INC,Equity,0.06,21.17,"4,165,390.00","88,181,306.30","88,181,306.30",Real Estate,BYMYV82,US36174X1019,New York Stock Exchange Inc.
CTXS,CITRIX SYSTEMS INC,Equity,0.06,92,"958,052.00","88,140,784.00","88,140,784.00",Information Technology,2182553,US1773761002,NASDAQ
AEE,AMEREN CORP,Equity,0.06,54.3,"1,620,884.00","88,014,001.20","88,014,001.20",Utilities,2050832,US0236081024,New York Stock Exchange Inc.
IVZ,INVESCO LTD,Equity,0.06,32.54,"2,692,154.00","87,602,691.16","87,602,691.16",Financials,B28XP76,BMG491BT1088,New York Stock Exchange Inc.
XRAY,DENTSPLY SIRONA INC,Equity,0.06,56.06,"1,536,250.00","86,122,175.00","86,122,175.00",Health Care,BYNPPC6,US24906P1093,NASDAQ
ANDV,ANDEAVOR,Equity,0.06,89.62,"960,503.00","86,080,278.86","86,080,278.86",Energy,BF0G7N4,US03349M1053,New York Stock Exchange Inc.
CHRW,CH ROBINSON WORLDWIDE INC,Equity,0.06,93.36,"921,249.00","86,007,806.64","86,007,806.64",Industrials,2116228,US12541W2098,NASDAQ
APA,APACHE CORP,Equity,0.06,34.15,"2,517,584.00","85,975,493.60","85,975,493.60",Energy,2043962,US0374111054,New York Stock Exchange Inc.
MAS,MASCO CORP,Equity,0.06,41.12,"2,089,644.00","85,926,161.28","85,926,161.28",Industrials,2570200,US5745991068,New York Stock Exchange Inc.
EXPE,EXPEDIA INC,Equity,0.06,105.17,"814,852.00","85,697,984.84","85,697,984.84",Consumer Discretionary,B748CK2,US30212P3038,NASDAQ
MLM,MARTIN MARIETTA MATERIALS INC,Equity,0.05,203.93,"416,370.00","84,910,334.10","84,910,334.10",Materials,2572079,US5732841060,New York Stock Exchange Inc.
BEN,FRANKLIN RESOURCES INC,Equity,0.05,38.67,"2,188,518.00","84,629,991.06","84,629,991.06",Financials,2350684,US3546131018,New York Stock Exchange Inc.
SNPS,SYNOPSYS INC,Equity,0.05,84.67,"998,459.00","84,539,523.53","84,539,523.53",Information Technology,2867719,US8716071076,NASDAQ
MKC,MCCORMICK & CO NON-VOTING INC,Equity,0.05,106.78,"791,154.00","84,479,424.12","84,479,424.12",Consumer Staples,2550161,US5797802064,New York Stock Exchange Inc.
FTI,TECHNIPFMC PLC,Equity,0.05,28.82,"2,921,662.00","84,202,298.84","84,202,298.84",Energy,BDSFG98,GB00BDSFG982,New York Stock Exchange Inc.
CBOE,CBOE GLOBAL MARKETS INC,Equity,0.05,112.01,"749,665.00","83,969,976.65","83,969,976.65",Financials,B5834C5,US12503M1080,NASDAQ
NWL,NEWELL BRANDS INC,Equity,0.05,25.69,"3,260,165.00","83,753,638.85","83,753,638.85",Consumer Discretionary,2635701,US6512291062,New York Stock Exchange Inc.
AJG,ARTHUR J GALLAGHER,Equity,0.05,69.11,"1,190,737.00","82,291,834.07","82,291,834.07",Financials,2359506,US3635761097,New York Stock Exchange Inc.
EQT,EQT CORP,Equity,0.05,50.31,"1,634,878.00","82,250,712.18","82,250,712.18",Energy,2319414,US26884L1098,New York Stock Exchange Inc.
MRO,MARATHON OIL CORP,Equity,0.05,14.52,"5,650,463.00","82,044,722.76","82,044,722.76",Energy,2910970,US5658491064,New York Stock Exchange Inc.
ARE,ALEXANDRIA REAL ESTATE EQUITIES RE,Equity,0.05,121.31,"672,283.00","81,554,650.73","81,554,650.73",Real Estate,2009210,US0152711091,New York Stock Exchange Inc.
LKQ,LKQ CORP,Equity,0.05,39.48,"2,064,446.00","81,504,328.08","81,504,328.08",Consumer Discretionary,2971029,US5018892084,NASDAQ
CHD,CHURCH AND DWIGHT INC,Equity,0.05,49.19,"1,649,361.00","81,132,067.59","81,132,067.59",Consumer Staples,2195841,US1713401024,New York Stock Exchange Inc.
HES,HESS CORP,Equity,0.05,45.42,"1,784,810.00","81,066,070.20","81,066,070.20",Energy,2023748,US42809H1077,New York Stock Exchange Inc.
LB,L BRANDS INC,Equity,0.05,49.33,"1,633,479.00","80,579,519.07","80,579,519.07",Consumer Discretionary,B9M2WX3,US5017971046,New York Stock Exchange Inc.
CMS,CMS ENERGY CORP,Equity,0.05,42.45,"1,867,126.00","79,259,498.70","79,259,498.70",Utilities,2219224,US1258961002,New York Stock Exchange Inc.
VIAB,VIACOM INC CLASS B,Equity,0.05,33.34,"2,364,533.00","78,833,530.22","78,833,530.22",Consumer Discretionary,B0SRLF4,US92553P2011,NASDAQ
HII,HUNTINGTON INGALLS INDUSTRIES INC,Equity,0.05,262.01,"300,562.00","78,750,249.62","78,750,249.62",Industrials,B40SSC9,US4464131063,New York Stock Exchange Inc.
RJF,RAYMOND JAMES INC,Equity,0.05,92.71,"848,893.00","78,700,870.03","78,700,870.03",Financials,2718992,US7547301090,New York Stock Exchange Inc.
WYN,WYNDHAM WORLDWIDE CORP,Equity,0.05,115.78,"677,113.00","78,396,143.14","78,396,143.14",Consumer Discretionary,B198391,US98310W1080,New York Stock Exchange Inc.
ULTA,ULTA BEAUTY INC,Equity,0.05,203.35,"385,131.00","78,316,388.85","78,316,388.85",Consumer Discretionary,B28TS42,US90384S3031,NASDAQ
WHR,WHIRLPOOL CORP,Equity,0.05,162.43,"481,851.00","78,267,057.93","78,267,057.93",Consumer Discretionary,2960384,US9633201069,New York Stock Exchange Inc.
CNP,CENTERPOINT ENERGY INC,Equity,0.05,27.05,"2,888,584.00","78,136,197.20","78,136,197.20",Utilities,2440637,US15189T1079,New York Stock Exchange Inc.
NCLH,NORWEGIAN CRUISE LINE HOLDINGS LTD,Equity,0.05,56.9,"1,367,973.00","77,837,663.70","77,837,663.70",Consumer Discretionary,B9CGTC3,BMG667211046,New York Stock Exchange Inc.
EXPD,EXPEDITORS INTERNATIONAL OF WASHIN,Equity,0.05,64.96,"1,190,083.00","77,307,791.68","77,307,791.68",Industrials,2325507,US3021301094,NASDAQ
ADS,ALLIANCE DATA SYSTEMS CORP,Equity,0.05,240.96,"320,709.00","77,278,040.64","77,278,040.64",Information Technology,2762030,US0185811082,New York Stock Exchange Inc.
DRI,DARDEN RESTAURANTS INC,Equity,0.05,92.19,"826,024.00","76,151,152.56","76,151,152.56",Consumer Discretionary,2289874,US2371941053,New York Stock Exchange Inc.
VNO,VORNADO REALTY TRUST REIT TRUST,Equity,0.05,66.47,"1,141,672.00","75,886,937.84","75,886,937.84",Real Estate,2933632,US9290421091,New York Stock Exchange Inc.
UNM,UNUM,Equity,0.05,50.96,"1,486,074.00","75,730,331.04","75,730,331.04",Financials,2433842,US91529Y1064,New York Stock Exchange Inc.
AKAM,AKAMAI TECHNOLOGIES INC,Equity,0.05,67.46,"1,120,618.00","75,596,890.28","75,596,890.28",Information Technology,2507457,US00971T1016,NASDAQ
COO,COOPER INC,Equity,0.05,230.52,"327,792.00","75,562,611.84","75,562,611.84",Health Care,2222631,US2166484020,New York Stock Exchange Inc.
PNR,PENTAIR,Equity,0.05,68.69,"1,096,701.00","75,332,391.69","75,332,391.69",Industrials,BLS09M3,IE00BLS09M33,New York Stock Exchange Inc.
BHGE,BAKER HUGHES CLASS A,Equity,0.05,26.4,"2,850,713.00","75,258,823.20","75,258,823.20",Energy,BDHLTQ5,US05722G1004,New York Stock Exchange Inc.
KMX,CARMAX INC,Equity,0.05,61.92,"1,214,939.00","75,229,022.88","75,229,022.88",Consumer Discretionary,2983563,US1431301027,New York Stock Exchange Inc.
PVH,PVH CORP,Equity,0.05,144.28,"517,426.00","74,654,223.28","74,654,223.28",Consumer Discretionary,B3V9F12,US6936561009,New York Stock Exchange Inc.
COG,CABOT OIL & GAS CORP,Equity,0.05,24.16,"3,088,441.00","74,616,734.56","74,616,734.56",Energy,2162340,US1270971039,New York Stock Exchange Inc.
PKG,PACKAGING CORP OF AMERICA CORP,Equity,0.05,119.2,"623,264.00","74,293,068.80","74,293,068.80",Materials,2504566,US6951561090,New York Stock Exchange Inc.
KSS,KOHLS CORP,Equity,0.05,66.09,"1,120,491.00","74,053,250.19","74,053,250.19",Consumer Discretionary,2496113,US5002551043,New York Stock Exchange Inc.
CA,CA INC,Equity,0.05,35.1,"2,107,651.00","73,978,550.10","73,978,550.10",Information Technology,2214832,US12673P1057,NASDAQ
IFF,INTERNATIONAL FLAVORS & FRAGRANCES,Equity,0.05,141.25,"521,895.00","73,717,668.75","73,717,668.75",Materials,2464165,US4595061015,New York Stock Exchange Inc.
CINF,CINCINNATI FINANCIAL CORP,Equity,0.05,74.59,"985,720.00","73,524,854.80","73,524,854.80",Financials,2196888,US1720621010,NASDAQ
ALB,ALBEMARLE CORP,Equity,0.05,100.43,"731,909.00","73,505,620.87","73,505,620.87",Materials,2046853,US0126531013,New York Stock Exchange Inc.
VAR,VARIAN MEDICAL SYSTEMS INC,Equity,0.05,119.34,"615,150.00","73,412,001.00","73,412,001.00",Health Care,2927516,US92220P1057,New York Stock Exchange Inc.
DVA,DAVITA INC,Equity,0.05,72.02,"1,016,953.00","73,240,955.06","73,240,955.06",Health Care,2898087,US23918K1088,New York Stock Exchange Inc.
NLSN,NIELSEN HOLDINGS PLC,Equity,0.05,32.63,"2,244,155.00","73,226,777.65","73,226,777.65",Industrials,BWFY550,GB00BWFY5505,New York Stock Exchange Inc.
HAS,HASBRO INC,Equity,0.05,95.57,"759,538.00","72,589,046.66","72,589,046.66",Consumer Discretionary,2414580,US4180561072,NASDAQ
ZION,ZIONS BANCORPORATION,Equity,0.05,54.97,"1,320,651.00","72,596,185.47","72,596,185.47",Financials,2989828,US9897011071,NASDAQ
CDNS,CADENCE DESIGN SYSTEMS INC,Equity,0.05,38.77,"1,861,107.00","72,155,118.39","72,155,118.39",Information Technology,2302232,US1273871087,NASDAQ
XL,XL GROUP LTD,Equity,0.05,42.31,"1,704,628.00","72,122,810.68","72,122,810.68",Financials,BD95VZ8,BMG982941046,New York Stock Exchange Inc.
HOLX,HOLOGIC INC,Equity,0.05,38.83,"1,819,098.00","70,635,575.34","70,635,575.34",Health Care,2433530,US4364401012,NASDAQ
FMC,FMC CORP,Equity,0.05,78.48,"898,879.00","70,544,023.92","70,544,023.92",Materials,2328603,US3024913036,New York Stock Exchange Inc.
EXR,EXTRA SPACE STORAGE REIT INC,Equity,0.05,85.05,"828,598.00","70,472,259.90","70,472,259.90",Real Estate,B02HWR9,US30225T1025,New York Stock Exchange Inc.
KSU,KANSAS CITY SOUTHERN,Equity,0.05,103.04,"683,544.00","70,432,373.76","70,432,373.76",Industrials,2607647,US4851703029,New York Stock Exchange Inc.
PRGO,PERRIGO PLC,Equity,0.05,81.46,"864,327.00","70,408,077.42","70,408,077.42",Health Care,BGH1M56,IE00BGH1M568,New York Stock Exchange Inc.
HSIC,HENRY SCHEIN INC,Equity,0.04,66.19,"1,051,481.00","69,597,527.39","69,597,527.39",Health Care,2416962,US8064071025,NASDAQ
AMG,AFFILIATED MANAGERS GROUP INC,Equity,0.04,189.36,"367,162.00","69,525,796.32","69,525,796.32",Financials,2127899,US0082521081,New York Stock Exchange Inc.
AVY,AVERY DENNISON CORP,Equity,0.04,118.15,"585,581.00","69,186,395.15","69,186,395.15",Materials,2066408,US0536111091,New York Stock Exchange Inc.
TIF,TIFFANY,Equity,0.04,101.04,"679,218.00","68,628,186.72","68,628,186.72",Consumer Discretionary,2892090,US8865471085,New York Stock Exchange Inc.
IT,GARTNER INC,Equity,0.04,113.41,"603,103.00","68,397,911.23","68,397,911.23",Information Technology,2372763,US3666511072,New York Stock Exchange Inc.
ARNC,ARCONIC INC,Equity,0.04,24.39,"2,797,573.00","68,232,805.47","68,232,805.47",Industrials,BD3D9G5,US03965L1008,New York Stock Exchange Inc.
QRVO,QUORVO INC,Equity,0.04,80.71,"838,476.00","67,673,397.96","67,673,397.96",Information Technology,BR9YYP4,US74736K1016,NASDAQ
HCP,HCP REIT INC,Equity,0.04,21.64,"3,123,550.00","67,593,622.00","67,593,622.00",Real Estate,2417578,US40414L1098,New York Stock Exchange Inc.
JBHT,JB HUNT TRANSPORT SERVICES INC,Equity,0.04,118.57,"564,444.00","66,926,125.08","66,926,125.08",Industrials,2445416,US4456581077,NASDAQ
AMD,ADVANCED MICRO DEVICES INC,Equity,0.04,12.11,"5,504,021.00","66,653,694.31","66,653,694.31",Information Technology,2007849,US0079031078,NASDAQ
UHS,UNIVERSAL HEALTH SERVICES INC CLAS,Equity,0.04,114.2,"579,877.00","66,221,953.40","66,221,953.40",Health Care,2923785,US9139031002,New York Stock Exchange Inc.
VRSN,VERISIGN INC,Equity,0.04,116.02,"566,133.00","65,682,750.66","65,682,750.66",Information Technology,2142922,US92343E1029,NASDAQ
RE,EVEREST RE GROUP LTD,Equity,0.04,240.24,"271,643.00","65,259,514.32","65,259,514.32",Financials,2556868,BMG3223R1088,New York Stock Exchange Inc.
MAA,MID AMERICA APARTMENT COMMUNITIES,Equity,0.04,85.82,"760,293.00","65,248,345.26","65,248,345.26",Real Estate,2589132,US59522J1034,New York Stock Exchange Inc.
BWA,BORGWARNER INC,Equity,0.04,49.08,"1,323,438.00","64,954,337.04","64,954,337.04",Consumer Discretionary,2111955,US0997241064,New York Stock Exchange Inc.
JNPR,JUNIPER NETWORKS INC,Equity,0.04,25.66,"2,517,233.00","64,592,198.78","64,592,198.78",Information Technology,2431846,US48203R1041,New York Stock Exchange Inc.
CF,CF INDUSTRIES HOLDINGS INC,Equity,0.04,41.24,"1,539,955.00","63,507,744.20","63,507,744.20",Materials,B0G4K50,US1252691001,New York Stock Exchange Inc.
DISH,DISH NETWORK CORP CLASS A,Equity,0.04,41.69,"1,520,025.00","63,369,842.25","63,369,842.25",Consumer Discretionary,2303581,US25470M1099,NASDAQ
KORS,MICHAEL KORS HOLDINGS LTD,Equity,0.04,62.93,"1,003,674.00","63,161,204.82","63,161,204.82",Consumer Discretionary,B7341C6,VGG607541015,New York Stock Exchange Inc.
NDAQ,NASDAQ INC,Equity,0.04,80.75,"777,143.00","62,754,297.25","62,754,297.25",Financials,2965107,US6311031081,NASDAQ
FBHS,FORTUNE BRANDS HOME AND SECURITY I,Equity,0.04,60.66,"1,032,782.00","62,648,556.12","62,648,556.12",Industrials,B3MC7D6,US34964C1062,New York Stock Exchange Inc.
AOS,A O SMITH CORP,Equity,0.04,64.19,"974,339.00","62,542,820.41","62,542,820.41",Industrials,2816023,US8318652091,New York Stock Exchange Inc.
MOS,MOSAIC,Equity,0.04,26.32,"2,357,103.00","62,038,950.96","62,038,950.96",Materials,B3NPHP6,US61945C1036,New York Stock Exchange Inc.
FFIV,F5 NETWORKS INC,Equity,0.04,148.52,"415,677.00","61,736,348.04","61,736,348.04",Information Technology,2427599,US3156161024,NASDAQ
COTY,COTY INC CLASS A,Equity,0.04,19.32,"3,177,069.00","61,380,973.08","61,380,973.08",Consumer Staples,BBBSMJ2,US2220702037,New York Stock Exchange Inc.
TMK,TORCHMARK CORP,Equity,0.04,85.37,"715,377.00","61,071,734.49","61,071,734.49",Financials,2896713,US8910271043,New York Stock Exchange Inc.
XEC,CIMAREX ENERGY,Equity,0.04,96.09,"634,364.00","60,956,036.76","60,956,036.76",Energy,2987521,US1717981013,New York Stock Exchange Inc.
SNA,SNAP ON INC,Equity,0.04,159.22,"382,436.00","60,891,459.92","60,891,459.92",Industrials,2818740,US8330341012,New York Stock Exchange Inc.
UDR,UDR REIT INC,Equity,0.04,33.62,"1,795,763.00","60,373,552.06","60,373,552.06",Real Estate,2727910,US9026531049,New York Stock Exchange Inc.
M,MACYS INC,Equity,0.04,29.41,"2,051,239.00","60,326,938.99","60,326,938.99",Consumer Discretionary,2345022,US55616P1049,New York Stock Exchange Inc.
IPG,INTERPUBLIC GROUP OF COMPANIES INC,Equity,0.04,23.4,"2,569,532.00","60,127,048.80","60,127,048.80",Consumer Discretionary,2466321,US4606901001,New York Stock Exchange Inc.
WU,WESTERN UNION,Equity,0.04,19.82,"3,027,806.00","60,011,114.92","60,011,114.92",Information Technology,B1F76F9,US9598021098,New York Stock Exchange Inc.
SLG,SL GREEN REALTY REIT CORP,Equity,0.04,96.92,"616,875.00","59,787,525.00","59,787,525.00",Real Estate,2096847,US78440X1019,New York Stock Exchange Inc.
LNT,ALLIANT ENERGY CORP,Equity,0.04,38.65,"1,529,543.00","59,116,836.95","59,116,836.95",Utilities,2973821,US0188021085,New York Stock Exchange Inc.
IRM,IRON MOUNTAIN INC,Equity,0.04,31.46,"1,870,211.00","58,836,838.06","58,836,838.06",Real Estate,BVFTF03,US46284V1017,New York Stock Exchange Inc.
DRE,DUKE REALTY REIT CORP,Equity,0.04,24.77,"2,352,763.00","58,277,939.51","58,277,939.51",Real Estate,2284084,US2644115055,New York Stock Exchange Inc.
PNW,PINNACLE WEST CORP,Equity,0.04,76.96,"749,804.00","57,704,915.84","57,704,915.84",Utilities,2048804,US7234841010,New York Stock Exchange Inc.
HRL,HORMEL FOODS CORP,Equity,0.04,32.46,"1,776,534.00","57,666,293.64","57,666,293.64",Consumer Staples,2437264,US4404521001,New York Stock Exchange Inc.
REG,REGENCY CENTERS REIT CORP,Equity,0.04,58.11,"984,880.00","57,231,376.80","57,231,376.80",Real Estate,2726177,US7588491032,New York Stock Exchange Inc.
AAP,ADVANCE AUTO PARTS INC,Equity,0.04,114.25,"496,815.00","56,761,113.75","56,761,113.75",Consumer Discretionary,2822019,US00751Y1064,New York Stock Exchange Inc.
SNI,SCRIPPS NETWORKS INTERACTIVE INC C,Equity,0.04,89.86,"630,631.00","56,668,501.66","56,668,501.66",Consumer Discretionary,B39QT24,US8110651010,NASDAQ
FRT,FEDERAL REALTY INVESTMENT TRUST RE,Equity,0.04,113.94,"487,025.00","55,491,628.50","55,491,628.50",Real Estate,2333931,US3137472060,New York Stock Exchange Inc.
PKI,PERKINELMER INC,Equity,0.04,76.34,"722,869.00","55,183,819.46","55,183,819.46",Health Care,2305844,US7140461093,New York Stock Exchange Inc.
CPB,CAMPBELL SOUP,Equity,0.04,43.05,"1,276,424.00","54,950,053.20","54,950,053.20",Consumer Staples,2162845,US1344291091,New York Stock Exchange Inc.
TSCO,TRACTOR SUPPLY,Equity,0.04,64.93,"838,240.00","54,426,923.20","54,426,923.20",Consumer Discretionary,2900335,US8923561067,NASDAQ
FLR,FLUOR CORP,Equity,0.03,56.9,"941,550.00","53,574,195.00","53,574,195.00",Industrials,2696838,US3434121022,New York Stock Exchange Inc.
CMG,CHIPOTLE MEXICAN GRILL INC,Equity,0.03,318.41,"167,255.00","53,255,664.55","53,255,664.55",Consumer Discretionary,B0X7DZ3,US1696561059,New York Stock Exchange Inc.
ALLE,ALLEGION PLC,Equity,0.03,84.11,"631,263.00","53,095,530.93","53,095,530.93",Industrials,BFRT3W7,IE00BFRT3W74,New York Stock Exchange Inc.
ALK,ALASKA AIR GROUP INC,Equity,0.03,64.5,"808,801.00","52,167,664.50","52,167,664.50",Industrials,2012605,US0116591092,New York Stock Exchange Inc.
NI,NISOURCE INC,Equity,0.03,23.13,"2,249,617.00","52,033,641.21","52,033,641.21",Utilities,2645409,US65473P1057,New York Stock Exchange Inc.
NRG,NRG ENERGY INC,Equity,0.03,25.86,"2,000,415.00","51,730,731.90","51,730,731.90",Utilities,2212922,US6293775085,New York Stock Exchange Inc.
HOG,HARLEY DAVIDSON INC,Equity,0.03,45.38,"1,128,749.00","51,222,629.62","51,222,629.62",Consumer Discretionary,2411053,US4128221086,New York Stock Exchange Inc.
SEE,SEALED AIR CORP,Equity,0.03,42.37,"1,196,968.00","50,715,534.16","50,715,534.16",Materials,2232793,US81211K1007,New York Stock Exchange Inc.
PHM,PULTEGROUP INC,Equity,0.03,28.07,"1,789,224.00","50,223,517.68","50,223,517.68",Consumer Discretionary,2708841,US7458671010,New York Stock Exchange Inc.
LUK,LEUCADIA NATIONAL CORP,Equity,0.03,23.99,"2,064,001.00","49,515,383.99","49,515,383.99",Financials,2513012,US5272881047,New York Stock Exchange Inc.
JEC,JACOBS ENGINEERING GROUP INC,Equity,0.03,61.06,"800,878.00","48,901,610.68","48,901,610.68",Industrials,2469052,US4698141078,New York Stock Exchange Inc.
AES,AES CORP,Equity,0.03,10.87,"4,460,918.00","48,490,178.66","48,490,178.66",Utilities,2002479,US00130H1059,New York Stock Exchange Inc.
HP,HELMERICH & PAYNE INC,Equity,0.03,64.55,"734,401.00","47,405,584.55","47,405,584.55",Energy,2420101,US4234521015,New York Stock Exchange Inc.
RHI,ROBERT HALF,Equity,0.03,57.07,"829,594.00","47,344,929.58","47,344,929.58",Industrials,2110703,US7703231032,New York Stock Exchange Inc.
GT,GOODYEAR TIRE & RUBBER,Equity,0.03,28.94,"1,617,830.00","46,820,000.20","46,820,000.20",Consumer Discretionary,2378200,US3825501014,NASDAQ
HBI,HANESBRANDS INC,Equity,0.03,19.4,"2,398,702.00","46,534,818.80","46,534,818.80",Consumer Discretionary,B1BJSL9,US4103451021,New York Stock Exchange Inc.
FLIR,FLIR SYSTEMS INC,Equity,0.03,49.1,"935,365.00","45,926,421.50","45,926,421.50",Information Technology,2344717,US3024451011,NASDAQ
GPS,GAP INC,Equity,0.03,31.58,"1,447,174.00","45,701,754.92","45,701,754.92",Consumer Discretionary,2360326,US3647601083,New York Stock Exchange Inc.
CSRA,CSRA INC,Equity,0.03,40.53,"1,087,245.00","44,066,039.85","44,066,039.85",Information Technology,BYQKXC4,US12650T1043,New York Stock Exchange Inc.
PBCT,PEOPLES UNITED FINANCIAL INC,Equity,0.03,19.14,"2,268,080.00","43,411,051.20","43,411,051.20",Financials,B1W41J2,US7127041058,NASDAQ
GRMN,GARMIN LTD,Equity,0.03,59.24,"732,156.00","43,372,921.44","43,372,921.44",Consumer Discretionary,B3Z5T14,CH0114405324,NASDAQ
MAC,MACERICH REIT,Equity,0.03,58.94,"724,444.00","42,698,729.36","42,698,729.36",Real Estate,2543967,US5543821012,New York Stock Exchange Inc.
XRX,XEROX CORP,Equity,0.03,30.32,"1,394,421.00","42,278,844.72","42,278,844.72",Information Technology,BYWTW73,US9841216081,New York Stock Exchange Inc.
KIM,KIMCO REALTY REIT CORP,Equity,0.03,14.96,"2,804,709.00","41,958,446.64","41,958,446.64",Real Estate,2491594,US49446R1095,New York Stock Exchange Inc.
NWSA,NEWS CORP CLASS A,Equity,0.03,16.13,"2,506,256.00","40,425,909.28","40,425,909.28",Consumer Discretionary,BBGVT40,US65249B1098,NASDAQ
AYI,ACUITY BRANDS INC,Equity,0.03,142.58,"280,357.00","39,973,301.06","39,973,301.06",Industrials,2818461,US00508Y1029,New York Stock Exchange Inc.
AIV,APARTMENT INVESTMENT AND MANAGEMEN,Equity,0.03,38.66,"1,031,414.00","39,874,465.24","39,874,465.24",Real Estate,2057059,US03748R1014,New York Stock Exchange Inc.
JWN,NORDSTROM INC,Equity,0.03,51.31,"773,584.00","39,692,595.04","39,692,595.04",Consumer Discretionary,2641827,US6556641008,New York Stock Exchange Inc.
RL,RALPH LAUREN CORP CLASS A,Equity,0.03,105.84,"371,424.00","39,311,516.16","39,311,516.16",Consumer Discretionary,B4V9661,US7512121010,New York Stock Exchange Inc.
FL,FOOT LOCKER INC,Equity,0.02,45.91,"838,530.00","38,496,912.30","38,496,912.30",Consumer Discretionary,2980906,US3448491049,New York Stock Exchange Inc.
LEG,LEGGETT & PLATT INC,Equity,0.02,43.46,"880,769.00","38,278,220.74","38,278,220.74",Consumer Discretionary,2510682,US5246601075,New York Stock Exchange Inc.
SCG,SCANA CORP,Equity,0.02,39.67,"938,703.00","37,238,348.01","37,238,348.01",Utilities,2545844,US80589M1027,New York Stock Exchange Inc.
MAT,MATTEL INC,Equity,0.02,15.9,"2,310,023.00","36,729,365.70","36,729,365.70",Consumer Discretionary,2572303,US5770811025,NASDAQ
FLS,FLOWSERVE CORP,Equity,0.02,42.35,"858,541.00","36,359,211.35","36,359,211.35",Industrials,2288406,US34354P1057,New York Stock Exchange Inc.
PWR,QUANTA SERVICES INC,Equity,0.02,34.44,"1,033,972.00","35,609,995.68","35,609,995.68",Industrials,2150204,US74762E1029,New York Stock Exchange Inc.
SRCL,STERICYCLE INC,Equity,0.02,62.67,"556,872.00","34,899,168.24","34,899,168.24",Industrials,2860826,US8589121081,NASDAQ
HRB,H&R BLOCK INC,Equity,0.02,25.33,"1,374,454.00","34,814,919.82","34,814,919.82",Consumer Discretionary,2105505,US0936711052,New York Stock Exchange Inc.
BHF,BRIGHTHOUSE FINANCIAL INC,Equity,0.02,54.27,"626,154.00","33,981,377.58","33,981,377.58",Financials,BF429K9,US10922N1037,NASDAQ
UBFUT,CASH COLLATERAL USD UBFUT,Cash Collateral and Margins,0.02,100,"32,804,800.00","32,804,800.00","32,804,800.00",Cash and/or Derivatives,-,-,-
EVHC,ENVISION HEALTHCARE CORP,Equity,0.02,38.5,"803,724.00","30,943,374.00","30,943,374.00",Health Care,BD8NPH3,US29414D1000,New York Stock Exchange Inc.
AIZ,ASSURANT INC,Equity,0.02,85.47,"361,408.00","30,889,541.76","30,889,541.76",Financials,2331430,US04621X1081,New York Stock Exchange Inc.
NFX,NEWFIELD EXPLORATION,Equity,0.02,23.33,"1,309,029.00","30,539,646.57","30,539,646.57",Energy,2635079,US6512901082,New York Stock Exchange Inc.
DISCK,DISCOVERY COMMUNICATIONS INC SERIE,Equity,0.02,22.98,"1,313,848.00","30,192,227.04","30,192,227.04",Consumer Discretionary,B3D7KG4,US25470F3029,NASDAQ
TRIP,TRIPADVISOR INC,Equity,0.02,40.08,"714,856.00","28,651,428.48","28,651,428.48",Consumer Discretionary,B6ZC3N6,US8969452015,NASDAQ
DISCA,DISCOVERY COMMUNICATIONS INC SERIE,Equity,0.02,24.32,"1,060,785.00","25,798,291.20","25,798,291.20",Consumer Discretionary,B3D7K31,US25470F1049,NASDAQ
NAVI,NAVIENT CORP,Equity,0.01,12.96,"1,789,361.00","23,190,118.56","23,190,118.56",Financials,BLP5GX1,US63938C1080,NASDAQ
UAA,UNDER ARMOUR INC CLASS A,Equity,0.01,16.58,"1,280,633.00","21,232,895.14","21,232,895.14",Consumer Discretionary,B0PZN11,US9043111072,New York Stock Exchange Inc.
SIG,SIGNET JEWELERS LTD,Equity,0.01,50.28,"402,843.00","20,254,946.04","20,254,946.04",Consumer Discretionary,B3CTNK6,BMG812761002,New York Stock Exchange Inc.
RRC,RANGE RESOURCES CORP,Equity,0.01,13.29,"1,502,148.00","19,963,546.92","19,963,546.92",Energy,2523334,US75281A1097,New York Stock Exchange Inc.
UA,UNDER ARMOUR INC CLASS C,Equity,0.01,15.05,"1,179,518.00","17,751,745.90","17,751,745.90",Consumer Discretionary,BDF9YM2,US9043112062,New York Stock Exchange Inc.
PDCO,PATTERSON COMPANIES INC,Equity,0.01,31.58,"558,448.00","17,635,787.84","17,635,787.84",Health Care,2672689,US7033951036,NASDAQ
CHK,CHESAPEAKE ENERGY CORP,Equity,0.01,2.82,"6,038,886.00","17,029,658.52","17,029,658.52",Energy,2182779,US1651671075,New York Stock Exchange Inc.
NWS,NEWS CORP CLASS B,Equity,0.01,16.4,"791,807.00","12,985,634.80","12,985,634.80",Consumer Discretionary,BBGVT51,US65249B2088,NASDAQ
ESH8,S&P500 EMINI MAR 18,Futures,0,"2,714.40","5,669.00",0,"769,396,680.00",Cash and/or Derivatives,-,-,Index And Options Market
 ,,,,,,,,,,,
